owner,metric_type,total_value,metric_count,unit
alan.xie3,试驾量,12.0,1,组
alan.xie3,锁单量,2.0,1,台
allen.liang2,交付量,1.0,1,台
b.sc,交付量,1.0,1,台
b.sc,新增建联量,400.0,2,人
bin.zhu2,交付量,16.0,1,台
bin.zhu2,新增建联量,14.0,2,人
bin.zhu2,试驾量,125.0,4,组
botao.kan,交付量,1.0,1,台
botao.kan,新增建联量,300.0,6,人
botao.kan,试驾量,30.0,1,组
can.li6,交付量,6.0,4,台
carry.wang,新增建联量,578.0,4,人
carry.wang,锁单量,2.0,2,台
cc.l,交付量,2.0,2,台
cc.l,新增建联量,1248.0,8,人
cc.l,试驾量,6.0,2,组
cheng.liu7,交付量,4.0,2,台
cheng.liu7,新增建联量,900.0,8,人
cheng.liu7,锁单量,2.0,1,台
cheng.peng4,交付量,6.0,2,台
christopher.tu,锁单量,9.0,3,台
cindy.song,交付量,1.0,1,台
cindy.song,新增建联量,298.0,8,人
cindy.song,试驾量,55.0,1,组
daisy.ban,新增建联量,10.0,2,人
dan.liu4,交付量,1.0,1,台
dan.liu4,新增建联量,400.0,6,人
dan.liu4,试驾量,30.0,1,组
david.sun1,新增建联量,272.0,7,人
david.sun1,试驾量,7.0,2,组
dejing.ma,交付量,6.0,2,台
dongliang.zhang,交付量,4.0,2,台
dongyu.zhou,新增建联量,192.0,1,人
emily.dong,交付量,6.0,6,台
emily.dong,新增建联量,515.0,5,人
emily.dong,锁单量,8.0,3,台
ethan.zhuo,交付量,48.0,6,台
ethan.zhuo,新增建联量,1083.0,5,人
ethan.zhuo,锁单量,22.0,3,台
evan.liu4,交付量,4.0,2,台
fangying.liao,交付量,1.0,1,台
fangying.liao,新增建联量,388.0,4,人
fangying.liao,试驾量,40.0,1,组
fangyuan.li2,交付量,9.0,3,台
fangyuan.li2,试驾量,4.0,2,组
fangyuan.li2,锁单量,10.0,2,台
fangzheng.luo,新增建联量,260.0,10,人
gaojun.zhao,交付量,3.0,3,台
gaojun.zhao,新增建联量,300.0,2,人
gaojun.zhao,试驾量,80.0,2,组
gaojun.zhao,锁单量,3.0,3,台
gin.xu,新增建联量,560.0,5,人
gin.xu,试驾量,100.0,1,组
hangzhou.liang,交付量,6.0,6,台
hangzhou.liang,新增建联量,260.0,2,人
hangzhou.liang,锁单量,2.0,1,台
hao.zhou10,新增建联量,10.0,1,人
haoxiang.fang,试驾量,40.0,2,组
hong.zhang19,新增建联量,222.0,4,人
hong.zhang19,试驾量,3.0,1,组
ivan.chen,新增建联量,75.0,1,人
jack.gao2,锁单量,6.0,6,台
jenny.cui1,试驾量,4.0,2,组
jerry.lu2,交付量,24.0,1,台
jerry.lu2,试驾量,62.0,2,组
jia.li12,交付量,1.0,1,台
jia.li12,新增建联量,388.0,4,人
jia.li12,试驾量,40.0,1,组
jia.liu14,新增建联量,80.0,2,人
jia.liu14,试驾量,70.0,3,组
jiajun.wang6,新增建联量,248.0,7,人
jiajun.zheng2,交付量,4.0,2,台
jiale.gao,交付量,1.0,1,台
jiale.gao,新增建联量,400.0,4,人
jian.li27,锁单量,3.0,1,台
jianan.wu,试驾量,1.0,1,组
jianrui.deng2,新增建联量,3.0,1,人
jiashuo.zhang,交付量,2.0,1,台
jiashuo.zhang,新增建联量,28.0,3,人
jiashuo.zhang,试驾量,10.0,1,组
jiawen.li8,交付量,77.0,3,台
jiawen.wu2,交付量,3.0,1,台
jiawen.wu2,新增建联量,580.0,5,人
jiawen.wu2,锁单量,12.0,2,台
jimmy.ye,交付量,3.0,3,台
jimmy.ye,新增建联量,240.0,3,人
jimmy.ye,试驾量,3.0,2,组
jing.yang15,交付量,4.0,2,台
jing.yang15,新增建联量,388.0,4,人
jing.yang15,试驾量,40.0,1,组
joey.zhang4,试驾量,2.0,1,组
juncheng.wang2,交付量,4.0,2,台
juncheng.wang2,新增建联量,388.0,4,人
juncheng.wang2,试驾量,40.0,1,组
junwei.lin,交付量,3.0,1,台
junwei.lin,新增建联量,164.0,4,人
junwei.lin,试驾量,76.0,3,组
junwei.lin,锁单量,1.0,1,台
kai.wei2,交付量,2.0,1,台
kai.wei2,锁单量,3.0,1,台
kaixiong.wang,交付量,2.0,2,台
kaixiong.wang,锁单量,9.0,6,台
kennys.shen,新增建联量,550.0,10,人
kevin.xu13,交付量,6.0,2,台
kim.chen2,锁单量,4.0,2,台
kitty.yu,新增建联量,140.0,4,人
kk.zhou2,新增建联量,40.0,1,人
klein.lin2,新增建联量,170.0,1,人
klein.lin2,试驾量,108.0,3,组
klein.lin2,锁单量,2.0,2,台
landon.zhu,新增建联量,60.0,2,人
landon.zhu,试驾量,10.0,2,组
landon.zhu,锁单量,6.0,4,台
lealon.peng2,交付量,1.0,1,台
lealon.peng2,新增建联量,804.0,5,人
leo.li55,交付量,1.0,1,台
leo.li55,新增建联量,4.0,1,人
leo.li55,试驾量,3.0,1,组
leo.liu33,交付量,4.0,2,台
leo.liu33,新增建联量,388.0,4,人
leo.liu33,试驾量,40.0,1,组
leo.lou,交付量,2.0,1,台
leo.lou,新增建联量,1000.0,6,人
leo.lou,试驾量,60.0,1,组
liangmeng.xu,交付量,1.0,1,台
liangmeng.xu,锁单量,2.0,1,台
linguang.wu,新增建联量,100.0,2,人
linguang.wu,试驾量,15.0,1,组
linkk.wang,新增建联量,14.0,4,人
lipeng.wang2,交付量,4.0,2,台
lipeng.wang2,新增建联量,8.0,4,人
lipeng.wang2,锁单量,4.0,1,台
liyuan.bao,新增建联量,550.0,10,人
meijun.jiang,交付量,4.0,4,台
meijun.jiang,新增建联量,200.0,2,人
meijun.jiang,锁单量,10.0,10,台
mengyu.li3,交付量,8.0,2,台
mi.li2,交付量,2.0,2,台
michael.wu5,交付量,3.0,1,台
michael.wu5,新增建联量,270.0,6,人
michael.wu5,试驾量,40.0,1,组
micheal.chen,新增建联量,182.0,5,人
minghan.liu2,试驾量,6.0,2,组
mingjun.yan,新增建联量,40.0,1,人
mingjun.yan,试驾量,10.0,1,组
mingxi.fan,试驾量,0.0,1,组
nancy.xia,交付量,2.0,2,台
nancy.xia,新增建联量,215.0,2,人
nancy.xia,试驾量,42.0,1,组
nancy.xia,锁单量,4.0,2,台
ning.guo3,新增建联量,208.0,1,人
nini.chai,试驾量,20.0,2,组
pandapia.li,交付量,2.0,2,台
pandapia.li,新增建联量,1248.0,8,人
pandapia.li,试驾量,6.0,2,组
peng.dai3,交付量,48.0,6,台
peng.dai3,新增建联量,1083.0,5,人
peng.dai3,锁单量,22.0,3,台
qiao.wang5,试驾量,60.0,1,组
qingyang.yi,交付量,4.0,4,台
qingyun.luo,交付量,10.0,4,台
qingyun.luo,试驾量,20.0,4,组
raine.wang,新增建联量,8.0,1,人
sanjiu.liu,新增建联量,50.0,1,人
sanjiu.liu,试驾量,40.0,2,组
shaobao.wang,试驾量,60.0,1,组
shengbo.chen,新增建联量,150.0,1,人
shengbo.chen,试驾量,60.0,1,组
shicheng.hua,锁单量,9.0,3,台
shuai.li12,交付量,5.0,1,台
shuai.li12,新增建联量,400.0,4,人
shuai.li12,试驾量,80.0,1,组
shuhang.liu2,新增建联量,200.0,1,人
shuo.qiu,交付量,1.0,1,台
shuo.qiu,新增建联量,295.0,9,人
shuo.qiu,试驾量,50.0,1,组
techang.hu,新增建联量,200.0,1,人
tian.gu,新增建联量,75.0,3,人
tianxiang.xia2,试驾量,5.0,1,组
weiming.zhou2,锁单量,2.0,2,台
wenbo.zhang7,交付量,1.0,1,台
wenbo.zhang7,新增建联量,400.0,4,人
wenjun.luo,交付量,2.0,2,台
wenjun.luo,新增建联量,1248.0,8,人
wenjun.luo,试驾量,6.0,2,组
wenwen.wu,交付量,5.0,1,台
wenwen.wu,新增建联量,400.0,4,人
wenwen.wu,试驾量,80.0,1,组
wenya.yang,交付量,4.0,2,台
wenya.yang,试驾量,60.0,2,组
wenyu.zhang4,试驾量,60.0,2,组
wenyu.zhang4,锁单量,9.0,6,台
will.xiao,新增建联量,120.0,2,人
william.tao,交付量,6.0,3,台
william.tao,新增建联量,120.0,1,人
william.tao,锁单量,18.0,7,台
wujun.ren,交付量,2.0,1,台
wujun.ren,新增建联量,224.0,4,人
wujun.ren,试驾量,50.0,1,组
wujun.ren,锁单量,1.0,1,台
xiang.zhou7,试驾量,24.0,2,组
xianmin.lan,交付量,2.0,2,台
xianmin.lan,试驾量,20.0,2,组
xiaojie.xiong,新增建联量,160.0,2,人
xiaojie.xiong,试驾量,80.0,2,组
xiaolong.yang8,交付量,2.0,2,台
xiaolong.yang8,锁单量,15.0,6,台
xiaoyi.weng2,试驾量,50.0,1,组
xiaoyi.weng2,锁单量,6.0,3,台
xin.li43,锁单量,5.0,3,台
xin.peng3,试驾量,26.0,1,组
xinhan.zhang2,交付量,1.0,1,台
xinhan.zhang2,新增建联量,41.0,3,人
xinhan.zhang2,试驾量,5.0,1,组
xiping.ceng,新增建联量,80.0,3,人
xu.han9,交付量,2.0,5,台
xu.han9,新增建联量,186.0,5,人
xu.han9,试驾量,2.0,2,组
xu.han9,锁单量,2.0,2,台
xucan.ye,新增建联量,100.0,2,人
xucan.ye,试驾量,17.0,2,组
xucan.ye,锁单量,6.0,2,台
xumin.han,交付量,6.0,3,台
xumin.han,新增建联量,900.0,6,人
xumin.han,试驾量,160.0,2,组
xumin.han,锁单量,21.0,9,台
xushen.huang,交付量,4.0,2,台
xushen.huang,新增建联量,900.0,8,人
xushen.huang,锁单量,2.0,1,台
yan.luo4,新增建联量,10.0,2,人
yanan.tao,新增建联量,3500.0,7,人
yanan.tao,试驾量,40.0,1,组
yanxin.li2,交付量,8.0,2,台
yanxin.li2,新增建联量,810.0,6,人
yanxin.li2,锁单量,8.0,2,台
yaoguo.chen,交付量,1.0,1,台
yaoguo.chen,新增建联量,388.0,4,人
yaoguo.chen,试驾量,40.0,1,组
yeqi.ma2,新增建联量,372.0,4,人
yeqi.ma2,试驾量,124.0,4,组
yi.guo5,试驾量,120.0,2,组
yi.guo5,锁单量,12.0,6,台
yi.tian,交付量,4.0,1,台
yi.tian,新增建联量,202.0,3,人
yilin.chen5,交付量,2.0,1,台
yilin.chen5,新增建联量,270.0,6,人
yilin.chen5,试驾量,20.0,1,组
yu.xue,交付量,4.0,2,台
yu.xue,新增建联量,430.0,6,人
yu.xue,试驾量,120.0,2,组
yuanzhuang.qiu,试驾量,2.0,2,组
yuchen.zeng,交付量,4.0,2,台
yunbilige.wu,新增建联量,1238.0,6,人
yushi.yang2,新增建联量,20.0,4,人
yutong.guo,新增建联量,640.0,8,人
yutong.guo,锁单量,4.0,2,台
zhangyuan.yang,新增建联量,200.0,1,人
zhaohui.tan,试驾量,60.0,1,组
zhen.yao2,新增建联量,1250.0,7,人
zhen.yao2,试驾量,40.0,1,组
zhenfeng.chen,锁单量,8.0,1,台
zhengyuan.rui,交付量,4.0,1,台
zhengyuan.rui,新增建联量,520.0,4,人
zhengyuan.rui,试驾量,60.0,1,组
zhenhua.fu,交付量,2.0,2,台
zhenhua.fu,试驾量,80.0,4,组
zhenxu.yao,交付量,1.0,1,台
zhenxu.yao,新增建联量,560.0,2,人
zhigang.sun,交付量,3.0,1,台
zhigang.sun,新增建联量,100.0,5,人
zhigang.sun,试驾量,0.0,1,组
zhilin.jiao,新增建联量,416.0,4,人
zhiming.lu,新增建联量,80.0,2,人
zhiming.lu,试驾量,60.0,2,组
zhuqiang.chen,交付量,4.0,4,台
zhuqiang.chen,新增建联量,120.0,4,人
zhuqiang.chen,试驾量,15.0,1,组
zian.xie,交付量,2.0,1,台
zian.xie,新增建联量,770.0,6,人
zian.xie,试驾量,35.0,1,组
zilong.peng,新增建联量,604.0,2,人
zilong.peng,试驾量,9.0,1,组
ziqi.zhang5,交付量,2.0,1,台
ziqi.zhang5,新增建联量,300.0,2,人
ziwei.liu7,交付量,2.0,1,台
ziwei.liu7,新增建联量,250.0,2,人
