owner,period,value,unit,objective
yanan.tao,2025 年 7 月,700,人,"### 多建联多建信:
当月新增建联≥700人,总建联人数≥800
- **Progress:** 0%
- **Score:** 0

#### Key Results:
1. 月度新增建联>700人(其中主动建联≥550人,门店路演建联≥50人,主动外拓异业合作等建联>100人)
    - Progress: 0%
    - Score: 0
2. 建联用户的月度建信100%覆盖,所有建联..."
yanan.tao,2025 年 7 月,700,人,"### 多建联多建信:
当月新增建联≥700人,总建联人数≥800
- **Progress:** 0%
- **Score:** 0

#### Key Results:
1. 月度新增建联>700人(其中主动建联≥550人,门店路演建联≥50人,主动外拓异业合作等建联>100人)
    - Progress: 0%
    - Score: 0
2. 建联用户的月度建信100%覆盖,所有建联..."
yanan.tao,2025 年 7 月,700,人,"### 多建联多建信:
当月新增建联≥700人,总建联人数≥800
- **Progress:** 0%
- **Score:** 0

#### Key Results:
1. 月度新增建联>700人(其中主动建联≥550人,门店路演建联≥50人,主动外拓异业合作等建联>100人)
    - Progress: 0%
    - Score: 0
2. 建联用户的月度建信100%覆盖,所有建联..."
yanan.tao,2025 年 7 月,700,人,"### 多建联多建信:
当月新增建联≥700人,总建联人数≥800
- **Progress:** 0%
- **Score:** 0

#### Key Results:
1. 月度新增建联>700人(其中主动建联≥550人,门店路演建联≥50人,主动外拓异业合作等建联>100人)
    - Progress: 0%
    - Score: 0
2. 建联用户的月度建信100%覆盖,所有建联..."
yanan.tao,2025 年 7 月,550,人,"### 多建联多建信:
当月新增建联≥700人,总建联人数≥800
- **Progress:** 0%
- **Score:** 0

#### Key Results:
1. 月度新增建联>700人(其中主动建联≥550人,门店路演建联≥50人,主动外拓异业合作等建联>100人)
    - Progress: 0%
    - Score: 0
2. 建联用户的月度建信100%覆盖,所有建联..."
zhenxu.yao,2025 年 7 月,330,人,"### V2:完成7月新增建联建信目标，建联≥330，建信≥1000；
- **Progress:** 0%
- **Score:** 0

#### Key Results:
1. A1：建联≥230（主动建联占比25%，战败打捞20%，门店20%，线上20%，其他渠道15%）；
    - Progress: 0%
    - Score: 0
2. 筛选SSP合适人选和持续新增新老用户涟漪进..."
yunbilige.wu,2025 年 7 月,302,人,"### 个人目标
- **Progress:** 0%
- **Score:** 0
- **Aligned by:**
    - 目标: 7516653404203352066, Owner: yuezhong.zheng (open_id: ou_98eeb63a9c6b5eff2010500f23b9bf2b)
    - 目标: 7516653404203352066, Owner: y..."
yunbilige.wu,2025 年 7 月,302,人,"### 个人目标
- **Progress:** 0%
- **Score:** 0
- **Aligned by:**
    - 目标: 7516653404203352066, Owner: yuezhong.zheng (open_id: ou_98eeb63a9c6b5eff2010500f23b9bf2b)
    - 目标: 7516653404203352066, Owner: y..."
yunbilige.wu,2025 年 7 月,302,人,"### 个人目标
- **Progress:** 0%
- **Score:** 0
- **Aligned by:**
    - 目标: 7516653404203352066, Owner: yuezhong.zheng (open_id: ou_98eeb63a9c6b5eff2010500f23b9bf2b)
    - 目标: 7516653404203352066, Owner: y..."
yunbilige.wu,2025 年 7 月,302,人,"### 个人目标
- **Progress:** 0%
- **Score:** 0
- **Aligned by:**
    - 目标: 7516653404203352066, Owner: yuezhong.zheng (open_id: ou_98eeb63a9c6b5eff2010500f23b9bf2b)
    - 目标: 7516653404203352066, Owner: y..."
zilong.peng,2025 年 7 月,302,人,"### 个人目标
- **Progress:** 0%
- **Score:** 0
- **Aligned by:**
    - 目标: 7516653404203352066, Owner: yuezhong.zheng (open_id: ou_98eeb63a9c6b5eff2010500f23b9bf2b)
    - 目标: 7516653404203352066, Owner: y..."
zilong.peng,2025 年 7 月,302,人,"### 个人目标
- **Progress:** 0%
- **Score:** 0
- **Aligned by:**
    - 目标: 7516653404203352066, Owner: yuezhong.zheng (open_id: ou_98eeb63a9c6b5eff2010500f23b9bf2b)
    - 目标: 7516653404203352066, Owner: y..."
peng.dai3,2025 年 7 月,270,人,"### (多建联多建信):人均建联>3人/天
- **Progress:** 0%
- **Score:** 0
- **Aligned by:**
    - 目标: 7516653429094023170, Owner: ocean.yu (open_id: ou_d089a2848b8371d8810e9131896d740d)
    - 目标: 7516653429094023170, ..."
peng.dai3,2025 年 7 月,270,人,"### (多建联多建信):人均建联>3人/天
- **Progress:** 0%
- **Score:** 0
- **Aligned by:**
    - 目标: 7516653429094023170, Owner: ocean.yu (open_id: ou_d089a2848b8371d8810e9131896d740d)
    - 目标: 7516653429094023170, ..."
peng.dai3,2025 年 7 月,270,人,"### (多建联多建信):人均建联>3人/天
- **Progress:** 0%
- **Score:** 0
- **Aligned by:**
    - 目标: 7516653429094023170, Owner: ocean.yu (open_id: ou_d089a2848b8371d8810e9131896d740d)
    - 目标: 7516653429094023170, ..."
peng.dai3,2025 年 7 月,270,人,"### (多建联多建信):人均建联>3人/天
- **Progress:** 0%
- **Score:** 0
- **Aligned by:**
    - 目标: 7516653429094023170, Owner: ocean.yu (open_id: ou_d089a2848b8371d8810e9131896d740d)
    - 目标: 7516653429094023170, ..."
ethan.zhuo,2025 年 7 月,270,人,"### 卓超5863
13:12
52
VAU
Ocean Y...
ONVO Central Stor... Ethan
V1
(多建联多建信):人均建联>3人/
than ZHUO 卓超 5863
暂无
0.0
0倍
- **Progress:** 0%
- **Score:** 0

#### Key Results:
1. A1
A1月度总新增建联270组
建信池用户60%触达,触达次数>..."
ethan.zhuo,2025 年 7 月,270,人,"### 卓超5863
13:12
52
VAU
Ocean Y...
ONVO Central Stor... Ethan
V1
(多建联多建信):人均建联>3人/
than ZHUO 卓超 5863
暂无
0.0
0倍
- **Progress:** 0%
- **Score:** 0

#### Key Results:
1. A1
A1月度总新增建联270组
建信池用户60%触达,触达次数>..."
ethan.zhuo,2025 年 7 月,270,人,"### 卓超5863
13:12
52
VAU
Ocean Y...
ONVO Central Stor... Ethan
V1
(多建联多建信):人均建联>3人/
than ZHUO 卓超 5863
暂无
0.0
0倍
- **Progress:** 0%
- **Score:** 0

#### Key Results:
1. A1
A1月度总新增建联270组
建信池用户60%触达,触达次数>..."
ethan.zhuo,2025 年 7 月,270,人,"### 卓超5863
13:12
52
VAU
Ocean Y...
ONVO Central Stor... Ethan
V1
(多建联多建信):人均建联>3人/
than ZHUO 卓超 5863
暂无
0.0
0倍
- **Progress:** 0%
- **Score:** 0

#### Key Results:
1. A1
A1月度总新增建联270组
建信池用户60%触达,触达次数>..."
carry.wang,2025 年 7 月,262,人,"### 人均建联≥2组，并持续建信。
- **Progress:** 0%
- **Score:** 0
- **Aligned by:**
    - 目标: 7516651640880955393, Owner: philip.zhou (open_id: ou_3515987a7f8d563072188fcec18d2249)

#### Key Results:
1. 每日闭环企业微信朋友..."
carry.wang,2025 年 7 月,262,人,"### 人均建联≥2组，并持续建信。
- **Progress:** 0%
- **Score:** 0
- **Aligned by:**
    - 目标: 7516651640880955393, Owner: philip.zhou (open_id: ou_3515987a7f8d563072188fcec18d2249)

#### Key Results:
1. 每日闭环企业微信朋友..."
zhen.yao2,2025 年 7 月,250,人,"### 多建联多建信:
当月新增建联≥250人,总建联人数≥300人,并持续建信。
A1:月度新增建联>250人(其中主动建联≥150人,门店路演建联≥50人,主动外拓异业合作等建联>50人) A2:建联用户的月度建信100%覆盖,所有建联用户月
ang C
均建信次数>3次
A3:主动面对面拜访10个已建联无明确购车需求用户(包括合作伙伴、颜蔚来或乐道的老用户,等),新增 5-10个蔚来老用户的..."
zhen.yao2,2025 年 7 月,250,人,"### 多建联多建信:
当月新增建联≥250人,总建联人数≥300人,并持续建信。
A1:月度新增建联>250人(其中主动建联≥150人,门店路演建联≥50人,主动外拓异业合作等建联>50人) A2:建联用户的月度建信100%覆盖,所有建联用户月
ang C
均建信次数>3次
A3:主动面对面拜访10个已建联无明确购车需求用户(包括合作伙伴、颜蔚来或乐道的老用户,等),新增 5-10个蔚来老用户的..."
zhen.yao2,2025 年 7 月,250,人,"### 多建联多建信:
当月新增建联≥250人,总建联人数≥300人,并持续建信。
A1:月度新增建联>250人(其中主动建联≥150人,门店路演建联≥50人,主动外拓异业合作等建联>50人) A2:建联用户的月度建信100%覆盖,所有建联用户月
ang C
均建信次数>3次
A3:主动面对面拜访10个已建联无明确购车需求用户(包括合作伙伴、颜蔚来或乐道的老用户,等),新增 5-10个蔚来老用户的..."
zhen.yao2,2025 年 7 月,250,人,"### 多建联多建信:
当月新增建联≥250人,总建联人数≥300人,并持续建信。
A1:月度新增建联>250人(其中主动建联≥150人,门店路演建联≥50人,主动外拓异业合作等建联>50人) A2:建联用户的月度建信100%覆盖,所有建联用户月
ang C
均建信次数>3次
A3:主动面对面拜访10个已建联无明确购车需求用户(包括合作伙伴、颜蔚来或乐道的老用户,等),新增 5-10个蔚来老用户的..."
zhenxu.yao,2025 年 7 月,230,人,"### V2:完成7月新增建联建信目标，建联≥330，建信≥1000；
- **Progress:** 0%
- **Score:** 0

#### Key Results:
1. A1：建联≥230（主动建联占比25%，战败打捞20%，门店20%，线上20%，其他渠道15%）；
    - Progress: 0%
    - Score: 0
2. 筛选SSP合适人选和持续新增新老用户涟漪进..."
cheng.liu7,2025 年 7 月,220,人,"### V1：门店交付2台达成盈亏平衡
- **Progress:** 0%
- **Score:** 0
- **Aligned by:**
    - 目标: 7516653427935543324, Owner: mingjun.zhong2 (open_id: ou_3f0897e30e09d4b7162d65b4277c44fc)

#### Key Results:
1. A1：建联2..."
cheng.liu7,2025 年 7 月,220,人,"### V1：门店交付2台达成盈亏平衡
- **Progress:** 0%
- **Score:** 0
- **Aligned by:**
    - 目标: 7516653427935543324, Owner: mingjun.zhong2 (open_id: ou_3f0897e30e09d4b7162d65b4277c44fc)

#### Key Results:
1. A1：建联2..."
xushen.huang,2025 年 7 月,220,人,"### V1：门店交付2台达成盈亏平衡
- **Progress:** 0%
- **Score:** 0
- **Aligned by:**
    - 目标: 7516653427935543324, Owner: mingjun.zhong2 (open_id: ou_3f0897e30e09d4b7162d65b4277c44fc)

#### Key Results:
1. A1：建联2..."
xushen.huang,2025 年 7 月,220,人,"### V1：门店交付2台达成盈亏平衡
- **Progress:** 0%
- **Score:** 0
- **Aligned by:**
    - 目标: 7516653427935543324, Owner: mingjun.zhong2 (open_id: ou_3f0897e30e09d4b7162d65b4277c44fc)

#### Key Results:
1. A1：建联2..."
ning.guo3,2025 年 7 月,208,人,"### 基础工作目标
- **Progress:** 0%
- **Score:** 0

#### Key Results:
1. 电话月度目标1300
    - Progress: 0%
    - Score: 0
2. 试驾月度目标60
    - Progress: 0%
    - Score: 0
3. 主动建联208
    - Progress: 0%
    - Score:..."
xumin.han,2025 年 7 月,200,人,"### 7月新增建联200人，持续建信
- **Progress:** 0%
- **Score:** 0
- **Aligned by:**
    - 目标: 7516570272550060035, Owner: leo.li35 (open_id: ou_a5d80436d8a253e8e0140c46758dedb7)

#### Key Results:
1. 主动建联50人，门店路演..."
xumin.han,2025 年 7 月,200,人,"### 7月新增建联200人，持续建信
- **Progress:** 0%
- **Score:** 0
- **Aligned by:**
    - 目标: 7516570272550060035, Owner: leo.li35 (open_id: ou_a5d80436d8a253e8e0140c46758dedb7)

#### Key Results:
1. 主动建联50人，门店路演..."
xumin.han,2025 年 7 月,200,人,"### 7月新增建联200人，持续建信
- **Progress:** 0%
- **Score:** 0
- **Aligned by:**
    - 目标: 7516570272550060035, Owner: leo.li35 (open_id: ou_a5d80436d8a253e8e0140c46758dedb7)

#### Key Results:
1. 主动建联50人，门店路演..."
xumin.han,2025 年 7 月,200,人,"### 7月新增建联200人，持续建信
- **Progress:** 0%
- **Score:** 0
- **Aligned by:**
    - 目标: 7516570272550060035, Owner: leo.li35 (open_id: ou_a5d80436d8a253e8e0140c46758dedb7)

#### Key Results:
1. 主动建联50人，门店路演..."
b.sc,2025 年 7 月,200,人,"### （多卖车多赚钱）完成月度车辆销售交付≥1辆（挑战目标2辆）总利润贡献≥0.7万元
- **Progress:** 0%
- **Score:** 0

#### Key Results:
1. （多建联多建信）放学新增建联≥200次
总建联人数≥150人 并持续建信
    - Progress: 0%
    - Score: 0
2. （能力成长）：持续学习，提升建联建信，卖车及服务相..."
b.sc,2025 年 7 月,200,人,"### （多卖车多赚钱）完成月度车辆销售交付≥1辆（挑战目标2辆）总利润贡献≥0.7万元
- **Progress:** 0%
- **Score:** 0

#### Key Results:
1. （多建联多建信）放学新增建联≥200次
总建联人数≥150人 并持续建信
    - Progress: 0%
    - Score: 0
2. （能力成长）：持续学习，提升建联建信，卖车及服务相..."
zhangyuan.yang,2025 年 7 月,200,人,"### 当月新增建联 ≥ 400 人，总建联人数 ≥ 450人，并持续建信。
- **Progress:** 0%
- **Score:** 0
- **Aligned by:**
    - 目标: 7516653430737059868, Owner: alvaro.wang (open_id: ou_4b068ee5f199d8a88d8e78fd821db6b8)

#### Key Re..."
lealon.peng2,2025 年 7 月,200,人,"### 当月新增建联>200人，持续建信
- **Progress:** 0%
- **Score:** 0
- **Aligned by:**
    - 目标: 7516653426752356354, Owner: jing.guo12 (open_id: ou_db985514076454a6bb790a2b3ad99cc5)
    - 目标: 7516653426752356354, ..."
lealon.peng2,2025 年 7 月,200,人,"### 当月新增建联>200人，持续建信
- **Progress:** 0%
- **Score:** 0
- **Aligned by:**
    - 目标: 7516653426752356354, Owner: jing.guo12 (open_id: ou_db985514076454a6bb790a2b3ad99cc5)
    - 目标: 7516653426752356354, ..."
lealon.peng2,2025 年 7 月,200,人,"### 当月新增建联>200人，持续建信
- **Progress:** 0%
- **Score:** 0
- **Aligned by:**
    - 目标: 7516653426752356354, Owner: jing.guo12 (open_id: ou_db985514076454a6bb790a2b3ad99cc5)
    - 目标: 7516653426752356354, ..."
lealon.peng2,2025 年 7 月,200,人,"### 当月新增建联>200人，持续建信
- **Progress:** 0%
- **Score:** 0
- **Aligned by:**
    - 目标: 7516653426752356354, Owner: jing.guo12 (open_id: ou_db985514076454a6bb790a2b3ad99cc5)
    - 目标: 7516653426752356354, ..."
yanxin.li2,2025 年 7 月,200,人,"### V1	多建联多建信:一天建联5人/天并持续建信
- **Progress:** 0%
- **Score:** 0

#### Key Results:
1. 月度总新增建联200人
    - Progress: 0%
    - Score: 0
2. 建信池用户50%触达，触达次数3次服务池用户100%触达，触达次数5
    - Progress: 0%
    - Score: ..."
yanxin.li2,2025 年 7 月,200,人,"### V1	多建联多建信:一天建联5人/天并持续建信
- **Progress:** 0%
- **Score:** 0

#### Key Results:
1. 月度总新增建联200人
    - Progress: 0%
    - Score: 0
2. 建信池用户50%触达，触达次数3次服务池用户100%触达，触达次数5
    - Progress: 0%
    - Score: ..."
yanxin.li2,2025 年 7 月,200,人,"### V1	多建联多建信:一天建联5人/天并持续建信
- **Progress:** 0%
- **Score:** 0

#### Key Results:
1. 月度总新增建联200人
    - Progress: 0%
    - Score: 0
2. 建信池用户50%触达，触达次数3次服务池用户100%触达，触达次数5
    - Progress: 0%
    - Score: ..."
yanxin.li2,2025 年 7 月,200,人,"### V1	多建联多建信:一天建联5人/天并持续建信
- **Progress:** 0%
- **Score:** 0

#### Key Results:
1. 月度总新增建联200人
    - Progress: 0%
    - Score: 0
2. 建信池用户50%触达，触达次数3次服务池用户100%触达，触达次数5
    - Progress: 0%
    - Score: ..."
techang.hu,2025 年 7 月,200,人,"### （多建联多建信）：当月新增建联 ≥ 400 人，总建联人数 ≥ 450人，并持续建信。
- **Progress:** 0%
- **Score:** 0

#### Key Results:
1. 月度新增建联 ≥ 300 人（其中主动建联 ≥ 50人，门店路演建联 ≥ 50人，电话建联≥200
    - Progress: 0%
    - Score: 0
2. 建联用户的月度建信..."
shuhang.liu2,2025 年 7 月,200,人,"### V2（多建联多建信）：当月新增建联 ≥ 400 人，总建联人数 ≥ 450人，并持续建信。
- **Progress:** 0%
- **Score:** 0

#### Key Results:
1. A1：月度新增建联 ≥ 300 人（其中主动建联 ≥ 50人，门店路演建联 ≥ 50人，电话建联≥200
    - Progress: 0%
    - Score: 0
2. A3：新..."
ziwei.liu7,2025 年 7 月,200,人,"### 多建联多建信，月度新增建联数≥200人，月度新增建信≥1000
- **Progress:** 0%
- **Score:** 0
- **Aligned by:**
    - 目标: 7516653426726617116, Owner: lichun.wu (open_id: ou_2ae0a473d9972d82acaff995b1d763fa)

#### Key Results..."
leo.lou,2025 年 7 月,200,人,"### (多建联多建信):当月新增建联≥200人,总建联人数≥300人,并持续建信。
- **Progress:** 0%
- **Score:** 0

#### Key Results:
1. 月度新增建联>200人(其中主动建联≥80人,门店路演建联≥120人)
    - Progress: 0%
    - Score: 0
2. 建联用户的月度建信100%覆盖,所有建联用户月均建信次数..."
leo.lou,2025 年 7 月,200,人,"### (多建联多建信):当月新增建联≥200人,总建联人数≥300人,并持续建信。
- **Progress:** 0%
- **Score:** 0

#### Key Results:
1. 月度新增建联>200人(其中主动建联≥80人,门店路演建联≥120人)
    - Progress: 0%
    - Score: 0
2. 建联用户的月度建信100%覆盖,所有建联用户月均建信次数..."
leo.lou,2025 年 7 月,200,人,"### (多建联多建信):当月新增建联≥200人,总建联人数≥300人,并持续建信。
- **Progress:** 0%
- **Score:** 0

#### Key Results:
1. 月度新增建联>200人(其中主动建联≥80人,门店路演建联≥120人)
    - Progress: 0%
    - Score: 0
2. 建联用户的月度建信100%覆盖,所有建联用户月均建信次数..."
leo.lou,2025 年 7 月,200,人,"### (多建联多建信):当月新增建联≥200人,总建联人数≥300人,并持续建信。
- **Progress:** 0%
- **Score:** 0

#### Key Results:
1. 月度新增建联>200人(其中主动建联≥80人,门店路演建联≥120人)
    - Progress: 0%
    - Score: 0
2. 建联用户的月度建信100%覆盖,所有建联用户月均建信次数..."
dongyu.zhou,2025 年 7 月,192,人,"### 基础工作任务
- **Progress:** 0%
- **Score:** 0

#### Key Results:
1. 主动建联192
    - Progress: 0%
    - Score: 0
2. 试驾月度60
    - Progress: 0%
    - Score: 0
3. 电话月度120
    - Progress: 0%
    - Score: 0

-..."
nancy.xia,2025 年 7 月,190,人,"### 月度建联190，主动精准建联25，试驾42 月度建信率100%
- **Progress:** 0%
- **Score:** 0
- **Aligned by:**
    - 目标: 7516653427935789084, Owner: kun.xiong2 (open_id: ou_da69278049ad19e62f2e7c5512cb5396)

#### Key Result..."
zhilin.jiao,2025 年 7 月,190,人,"### 本月建信建联190个
- **Progress:** 0%
- **Score:** 0

#### Key Results:
1. 每周建联建信大于43，本月最后半周建信建联主动建联18个，每周主动建联大于6个，最后半周主动建联大于1个，去确保试驾数量完成
    - Progress: 0%
    - Score: 0

---"
zhilin.jiao,2025 年 7 月,190,人,"### 本月建信建联190个
- **Progress:** 0%
- **Score:** 0

#### Key Results:
1. 每周建联建信大于43，本月最后半周建信建联主动建联18个，每周主动建联大于6个，最后半周主动建联大于1个，去确保试驾数量完成
    - Progress: 0%
    - Score: 0

---"
yeqi.ma2,2025 年 7 月,180,人,"### 主动建联180个
- **Progress:** 0%
- **Score:** 0

#### Key Results:
1. 每天主动建联6个
    - Progress: 0%
    - Score: 0
2. 每天通话30秒30个
    - Progress: 0%
    - Score: 0

---"
yeqi.ma2,2025 年 7 月,180,人,"### 主动建联180个
- **Progress:** 0%
- **Score:** 0

#### Key Results:
1. 每天主动建联6个
    - Progress: 0%
    - Score: 0
2. 每天通话30秒30个
    - Progress: 0%
    - Score: 0

---"
klein.lin2,2025 年 7 月,170,人,"### 建立广泛有效联系，达成建联170，外呼780，试驾48批目标
- **Progress:** 0%
- **Score:** 0

#### Key Results:
1. 通过线下门店接待、外拓活动，竞品拦截、抖音小红书等渠道达成每日7个建联目标
    - Progress: 0%
    - Score: 0
2. 精准外呼邀约转化，每日完成30有效外呼
    - Progress..."
cc.l,2025 年 7 月,156,人,"### 当月新增建联156批，并持续建信
- **Progress:** 0%
- **Score:** 0

#### Key Results:
1. 月度新增建联156批，其中门店占比70%，外拓占比30%，
    - Progress: 0%
    - Score: 0
2. 建联用户建信100%覆盖，所有建联用户月均建信次数≥3次，
    - Progress: 0%
    - S..."
cc.l,2025 年 7 月,156,人,"### 当月新增建联156批，并持续建信
- **Progress:** 0%
- **Score:** 0

#### Key Results:
1. 月度新增建联156批，其中门店占比70%，外拓占比30%，
    - Progress: 0%
    - Score: 0
2. 建联用户建信100%覆盖，所有建联用户月均建信次数≥3次，
    - Progress: 0%
    - S..."
cc.l,2025 年 7 月,156,人,"### 当月新增建联156批，并持续建信
- **Progress:** 0%
- **Score:** 0

#### Key Results:
1. 月度新增建联156批，其中门店占比70%，外拓占比30%，
    - Progress: 0%
    - Score: 0
2. 建联用户建信100%覆盖，所有建联用户月均建信次数≥3次，
    - Progress: 0%
    - S..."
cc.l,2025 年 7 月,156,人,"### 当月新增建联156批，并持续建信
- **Progress:** 0%
- **Score:** 0

#### Key Results:
1. 月度新增建联156批，其中门店占比70%，外拓占比30%，
    - Progress: 0%
    - Score: 0
2. 建联用户建信100%覆盖，所有建联用户月均建信次数≥3次，
    - Progress: 0%
    - S..."
cc.l,2025 年 7 月,156,人,"### 当月新增建联156批，并持续建信
- **Progress:** 0%
- **Score:** 0

#### Key Results:
1. 月度新增建联156批，其中门店占比70%，外拓占比30%，
    - Progress: 0%
    - Score: 0
2. 建联用户建信100%覆盖，所有建联用户月均建信次数≥3次，
    - Progress: 0%
    - S..."
cc.l,2025 年 7 月,156,人,"### 当月新增建联156批，并持续建信
- **Progress:** 0%
- **Score:** 0

#### Key Results:
1. 月度新增建联156批，其中门店占比70%，外拓占比30%，
    - Progress: 0%
    - Score: 0
2. 建联用户建信100%覆盖，所有建联用户月均建信次数≥3次，
    - Progress: 0%
    - S..."
cc.l,2025 年 7 月,156,人,"### 当月新增建联156批，并持续建信
- **Progress:** 0%
- **Score:** 0

#### Key Results:
1. 月度新增建联156批，其中门店占比70%，外拓占比30%，
    - Progress: 0%
    - Score: 0
2. 建联用户建信100%覆盖，所有建联用户月均建信次数≥3次，
    - Progress: 0%
    - S..."
cc.l,2025 年 7 月,156,人,"### 当月新增建联156批，并持续建信
- **Progress:** 0%
- **Score:** 0

#### Key Results:
1. 月度新增建联156批，其中门店占比70%，外拓占比30%，
    - Progress: 0%
    - Score: 0
2. 建联用户建信100%覆盖，所有建联用户月均建信次数≥3次，
    - Progress: 0%
    - S..."
pandapia.li,2025 年 7 月,156,人,"### 当月新增建联156批，并持续建信
- **Progress:** 0%
- **Score:** 0

#### Key Results:
1. 月度新增建联156批，其中门店占比70%，外拓占比30%，
    - Progress: 0%
    - Score: 0
2. 建联用户建信100%覆盖，所有建联用户月均建信次数≥3次，
    - Progress: 0%
    - S..."
pandapia.li,2025 年 7 月,156,人,"### 当月新增建联156批，并持续建信
- **Progress:** 0%
- **Score:** 0

#### Key Results:
1. 月度新增建联156批，其中门店占比70%，外拓占比30%，
    - Progress: 0%
    - Score: 0
2. 建联用户建信100%覆盖，所有建联用户月均建信次数≥3次，
    - Progress: 0%
    - S..."
pandapia.li,2025 年 7 月,156,人,"### 当月新增建联156批，并持续建信
- **Progress:** 0%
- **Score:** 0

#### Key Results:
1. 月度新增建联156批，其中门店占比70%，外拓占比30%，
    - Progress: 0%
    - Score: 0
2. 建联用户建信100%覆盖，所有建联用户月均建信次数≥3次，
    - Progress: 0%
    - S..."
pandapia.li,2025 年 7 月,156,人,"### 当月新增建联156批，并持续建信
- **Progress:** 0%
- **Score:** 0

#### Key Results:
1. 月度新增建联156批，其中门店占比70%，外拓占比30%，
    - Progress: 0%
    - Score: 0
2. 建联用户建信100%覆盖，所有建联用户月均建信次数≥3次，
    - Progress: 0%
    - S..."
pandapia.li,2025 年 7 月,156,人,"### 当月新增建联156批，并持续建信
- **Progress:** 0%
- **Score:** 0

#### Key Results:
1. 月度新增建联156批，其中门店占比70%，外拓占比30%，
    - Progress: 0%
    - Score: 0
2. 建联用户建信100%覆盖，所有建联用户月均建信次数≥3次，
    - Progress: 0%
    - S..."
pandapia.li,2025 年 7 月,156,人,"### 当月新增建联156批，并持续建信
- **Progress:** 0%
- **Score:** 0

#### Key Results:
1. 月度新增建联156批，其中门店占比70%，外拓占比30%，
    - Progress: 0%
    - Score: 0
2. 建联用户建信100%覆盖，所有建联用户月均建信次数≥3次，
    - Progress: 0%
    - S..."
pandapia.li,2025 年 7 月,156,人,"### 当月新增建联156批，并持续建信
- **Progress:** 0%
- **Score:** 0

#### Key Results:
1. 月度新增建联156批，其中门店占比70%，外拓占比30%，
    - Progress: 0%
    - Score: 0
2. 建联用户建信100%覆盖，所有建联用户月均建信次数≥3次，
    - Progress: 0%
    - S..."
pandapia.li,2025 年 7 月,156,人,"### 当月新增建联156批，并持续建信
- **Progress:** 0%
- **Score:** 0

#### Key Results:
1. 月度新增建联156批，其中门店占比70%，外拓占比30%，
    - Progress: 0%
    - Score: 0
2. 建联用户建信100%覆盖，所有建联用户月均建信次数≥3次，
    - Progress: 0%
    - S..."
wenjun.luo,2025 年 7 月,156,人,"### 当月新增建联156批，并持续建信
- **Progress:** 0%
- **Score:** 0

#### Key Results:
1. 月度新增建联156批，其中门店占比70%，外拓占比30%
    - Progress: 0%
    - Score: 0
2. 建联用户建信100%覆盖，所有建联用户月均建信次数≥3次
    - Progress: 0%
    - Sco..."
wenjun.luo,2025 年 7 月,156,人,"### 当月新增建联156批，并持续建信
- **Progress:** 0%
- **Score:** 0

#### Key Results:
1. 月度新增建联156批，其中门店占比70%，外拓占比30%
    - Progress: 0%
    - Score: 0
2. 建联用户建信100%覆盖，所有建联用户月均建信次数≥3次
    - Progress: 0%
    - Sco..."
wenjun.luo,2025 年 7 月,156,人,"### 当月新增建联156批，并持续建信
- **Progress:** 0%
- **Score:** 0

#### Key Results:
1. 月度新增建联156批，其中门店占比70%，外拓占比30%
    - Progress: 0%
    - Score: 0
2. 建联用户建信100%覆盖，所有建联用户月均建信次数≥3次
    - Progress: 0%
    - Sco..."
wenjun.luo,2025 年 7 月,156,人,"### 当月新增建联156批，并持续建信
- **Progress:** 0%
- **Score:** 0

#### Key Results:
1. 月度新增建联156批，其中门店占比70%，外拓占比30%
    - Progress: 0%
    - Score: 0
2. 建联用户建信100%覆盖，所有建联用户月均建信次数≥3次
    - Progress: 0%
    - Sco..."
wenjun.luo,2025 年 7 月,156,人,"### 当月新增建联156批，并持续建信
- **Progress:** 0%
- **Score:** 0

#### Key Results:
1. 月度新增建联156批，其中门店占比70%，外拓占比30%
    - Progress: 0%
    - Score: 0
2. 建联用户建信100%覆盖，所有建联用户月均建信次数≥3次
    - Progress: 0%
    - Sco..."
wenjun.luo,2025 年 7 月,156,人,"### 当月新增建联156批，并持续建信
- **Progress:** 0%
- **Score:** 0

#### Key Results:
1. 月度新增建联156批，其中门店占比70%，外拓占比30%
    - Progress: 0%
    - Score: 0
2. 建联用户建信100%覆盖，所有建联用户月均建信次数≥3次
    - Progress: 0%
    - Sco..."
wenjun.luo,2025 年 7 月,156,人,"### 当月新增建联156批，并持续建信
- **Progress:** 0%
- **Score:** 0

#### Key Results:
1. 月度新增建联156批，其中门店占比70%，外拓占比30%
    - Progress: 0%
    - Score: 0
2. 建联用户建信100%覆盖，所有建联用户月均建信次数≥3次
    - Progress: 0%
    - Sco..."
wenjun.luo,2025 年 7 月,156,人,"### 当月新增建联156批，并持续建信
- **Progress:** 0%
- **Score:** 0

#### Key Results:
1. 月度新增建联156批，其中门店占比70%，外拓占比30%
    - Progress: 0%
    - Score: 0
2. 建联用户建信100%覆盖，所有建联用户月均建信次数≥3次
    - Progress: 0%
    - Sco..."
jiawen.wu2,2025 年 7 月,150,人,"### 多建联多建信:月度建联总量大于等于150人，
新增建联≥120人
- **Progress:** 0%
- **Score:** 0
- **Aligned by:**
    - 目标: 7516653426836832258, Owner: mengting.xie (open_id: ou_39090c7e5748582791cd6095f6ce6baa)

#### Key Res..."
jiawen.wu2,2025 年 7 月,150,人,"### 多建联多建信:月度建联总量大于等于150人，
新增建联≥120人
- **Progress:** 0%
- **Score:** 0
- **Aligned by:**
    - 目标: 7516653426836832258, Owner: mengting.xie (open_id: ou_39090c7e5748582791cd6095f6ce6baa)

#### Key Res..."
ziqi.zhang5,2025 年 7 月,150,人,"### 增加建联建信开口:月度建联总量≥200，新增建联≥150
- **Progress:** 0%
- **Score:** 0
- **Aligned by:**
    - 目标: 7516653427054985217, Owner: jasen.wu (open_id: ou_75a5b865bcdbd8bfed7e17bff3a14054)

#### Key Results:
1...."
ziqi.zhang5,2025 年 7 月,150,人,"### 增加建联建信开口:月度建联总量≥200，新增建联≥150
- **Progress:** 0%
- **Score:** 0
- **Aligned by:**
    - 目标: 7516653427054985217, Owner: jasen.wu (open_id: ou_75a5b865bcdbd8bfed7e17bff3a14054)

#### Key Results:
1...."
zhen.yao2,2025 年 7 月,150,人,"### 多建联多建信:
当月新增建联≥250人,总建联人数≥300人,并持续建信。
A1:月度新增建联>250人(其中主动建联≥150人,门店路演建联≥50人,主动外拓异业合作等建联>50人) A2:建联用户的月度建信100%覆盖,所有建联用户月
ang C
均建信次数>3次
A3:主动面对面拜访10个已建联无明确购车需求用户(包括合作伙伴、颜蔚来或乐道的老用户,等),新增 5-10个蔚来老用户的..."
gaojun.zhao,2025 年 7 月,150,人,"### 月目标L60交付1台/L90锁单1台
例子35组
FC7日8组/FC30日25组
试驾40组
建信建联150组
- **Progress:** 0%
- **Score:** 0
- **Aligned by:**
    - 目标: 7516653426836258818, Owner: tina.wu1 (open_id: ou_a7610ab5fda83a93ccd1070c455a..."
gaojun.zhao,2025 年 7 月,150,人,"### 月目标L60交付1台/L90锁单1台
例子35组
FC7日8组/FC30日25组
试驾40组
建信建联150组
- **Progress:** 0%
- **Score:** 0
- **Aligned by:**
    - 目标: 7516653426836258818, Owner: tina.wu1 (open_id: ou_a7610ab5fda83a93ccd1070c455a..."
shengbo.chen,2025 年 7 月,150,人,"### 建联150
每天完成5个客户建联
- **Progress:** 0%
- **Score:** 0

---"
zian.xie,2025 年 7 月,150,人,"### v2 当月新增建联>150人 总建联>150人
- **Progress:** 0%
- **Score:** 0

#### Key Results:
1. a1 月度新增建联>150人 主动建联>20
    - Progress: 0%
    - Score: 0
2. a2 建联用户建信100% 所有月建联用户建信次数>3次
    - Progress: 0%
    - Sc..."
zian.xie,2025 年 7 月,150,人,"### v2 当月新增建联>150人 总建联>150人
- **Progress:** 0%
- **Score:** 0

#### Key Results:
1. a1 月度新增建联>150人 主动建联>20
    - Progress: 0%
    - Score: 0
2. a2 建联用户建信100% 所有月建联用户建信次数>3次
    - Progress: 0%
    - Sc..."
zian.xie,2025 年 7 月,150,人,"### v2 当月新增建联>150人 总建联>150人
- **Progress:** 0%
- **Score:** 0

#### Key Results:
1. a1 月度新增建联>150人 主动建联>20
    - Progress: 0%
    - Score: 0
2. a2 建联用户建信100% 所有月建联用户建信次数>3次
    - Progress: 0%
    - Sc..."
zian.xie,2025 年 7 月,150,人,"### v2 当月新增建联>150人 总建联>150人
- **Progress:** 0%
- **Score:** 0

#### Key Results:
1. a1 月度新增建联>150人 主动建联>20
    - Progress: 0%
    - Score: 0
2. a2 建联用户建信100% 所有月建联用户建信次数>3次
    - Progress: 0%
    - Sc..."
zian.xie,2025 年 7 月,150,人,"### v2 当月新增建联>150人 总建联>150人
- **Progress:** 0%
- **Score:** 0

#### Key Results:
1. a1 月度新增建联>150人 主动建联>20
    - Progress: 0%
    - Score: 0
2. a2 建联用户建信100% 所有月建联用户建信次数>3次
    - Progress: 0%
    - Sc..."
yu.xue,2025 年 7 月,140,人,"### 当月建联140人，每周建联35人
- **Progress:** 0%
- **Score:** 0

#### Key Results:
1. 建联用户的月度建信100%覆盖。当月建联用户月度建信次数至少两次。
    - Progress: 0%
    - Score: 0
2. 月度主动建联40个，每周10个。
    - Progress: 0%
    - Score: 0

..."
yu.xue,2025 年 7 月,140,人,"### 当月建联140人，每周建联35人
- **Progress:** 0%
- **Score:** 0

#### Key Results:
1. 建联用户的月度建信100%覆盖。当月建联用户月度建信次数至少两次。
    - Progress: 0%
    - Score: 0
2. 月度主动建联40个，每周10个。
    - Progress: 0%
    - Score: 0

..."
hangzhou.liang,2025 年 7 月,130,人,"### 当月新增建联≥130
单月试驾总数≥50
对建联用户进行稳定建信
小红书丶闲鱼稳定发布和更新进行邀约到店或上门试驾争取进行转化
- **Progress:** 0%
- **Score:** 0
- **Aligned by:**
    - 目标: 7516653197932412956, Owner: kangjin.hong (open_id: ou_b87709b9ee8ff086..."
hangzhou.liang,2025 年 7 月,130,人,"### 当月新增建联≥130
单月试驾总数≥50
对建联用户进行稳定建信
小红书丶闲鱼稳定发布和更新进行邀约到店或上门试驾争取进行转化
- **Progress:** 0%
- **Score:** 0
- **Aligned by:**
    - 目标: 7516653197932412956, Owner: kangjin.hong (open_id: ou_b87709b9ee8ff086..."
zhengyuan.rui,2025 年 7 月,130,人,"### V2(多建联多建信):当月新增建联>130人，并持续建作信。
- **Progress:** 0%
- **Score:** 0

#### Key Results:
1. 建联用户的月度建信100%覆盖,所有建联用户月均建信次数≥3次
    - Progress: 0%
    - Score: 0
2. 主动面对面拜访10个已建联无明确购车需求用户(包括合作伙伴、蔚来或乐道的老用户,..."
zhengyuan.rui,2025 年 7 月,130,人,"### V2(多建联多建信):当月新增建联>130人，并持续建作信。
- **Progress:** 0%
- **Score:** 0

#### Key Results:
1. 建联用户的月度建信100%覆盖,所有建联用户月均建信次数≥3次
    - Progress: 0%
    - Score: 0
2. 主动面对面拜访10个已建联无明确购车需求用户(包括合作伙伴、蔚来或乐道的老用户,..."
zhengyuan.rui,2025 年 7 月,130,人,"### V2(多建联多建信):当月新增建联>130人，并持续建作信。
- **Progress:** 0%
- **Score:** 0

#### Key Results:
1. 建联用户的月度建信100%覆盖,所有建联用户月均建信次数≥3次
    - Progress: 0%
    - Score: 0
2. 主动面对面拜访10个已建联无明确购车需求用户(包括合作伙伴、蔚来或乐道的老用户,..."
zhengyuan.rui,2025 年 7 月,130,人,"### V2(多建联多建信):当月新增建联>130人，并持续建作信。
- **Progress:** 0%
- **Score:** 0

#### Key Results:
1. 建联用户的月度建信100%覆盖,所有建联用户月均建信次数≥3次
    - Progress: 0%
    - Score: 0
2. 主动面对面拜访10个已建联无明确购车需求用户(包括合作伙伴、蔚来或乐道的老用户,..."
emily.dong,2025 年 7 月,128,人,"### （多建联多建信）：建联 ≥ 5 人/天
- **Progress:** 0%
- **Score:** 0
- **Aligned by:**
    - 目标: 7523331724383518722, Owner: junbo.zhu (open_id: ou_87f675fc2e9dfe5702718f7be10bb7ec)
    - 目标: 7523331724383518722..."
emily.dong,2025 年 7 月,128,人,"### （多建联多建信）：建联 ≥ 5 人/天
- **Progress:** 0%
- **Score:** 0
- **Aligned by:**
    - 目标: 7523331724383518722, Owner: junbo.zhu (open_id: ou_87f675fc2e9dfe5702718f7be10bb7ec)
    - 目标: 7523331724383518722..."
emily.dong,2025 年 7 月,128,人,"### （多建联多建信）：建联 ≥ 5 人/天
- **Progress:** 0%
- **Score:** 0
- **Aligned by:**
    - 目标: 7523331724383518722, Owner: junbo.zhu (open_id: ou_87f675fc2e9dfe5702718f7be10bb7ec)
    - 目标: 7523331724383518722..."
emily.dong,2025 年 7 月,128,人,"### （多建联多建信）：建联 ≥ 5 人/天
- **Progress:** 0%
- **Score:** 0
- **Aligned by:**
    - 目标: 7523331724383518722, Owner: junbo.zhu (open_id: ou_87f675fc2e9dfe5702718f7be10bb7ec)
    - 目标: 7523331724383518722..."
william.tao,2025 年 7 月,120,人,"### 多卖车多赚钱：月交付目标2台，锁单4台
（L60交付2台，锁单2台，L90锁单2台）
- **Progress:** 0%
- **Score:** 0

#### Key Results:
1. 月建联总量150，新建建联120（月度建信百分百覆盖）
    - Progress: 0%
    - Score: 0
2. 月试驾总数60组 周试驾总数15组
周新增2组Forcase
 ..."
jiawen.wu2,2025 年 7 月,120,人,"### 多建联多建信:月度建联总量大于等于150人，
新增建联≥120人
- **Progress:** 0%
- **Score:** 0
- **Aligned by:**
    - 目标: 7516653426836832258, Owner: mengting.xie (open_id: ou_39090c7e5748582791cd6095f6ce6baa)

#### Key Res..."
jiawen.wu2,2025 年 7 月,120,人,"### 多建联多建信:月度建联总量大于等于150人，
新增建联≥120人
- **Progress:** 0%
- **Score:** 0
- **Aligned by:**
    - 目标: 7516653426836832258, Owner: mengting.xie (open_id: ou_39090c7e5748582791cd6095f6ce6baa)

#### Key Res..."
hong.zhang19,2025 年 7 月,120,人,"### 多建联多建信，当月新增建联大于等于380 建信周度大于等于240 每日建联11组
- **Progress:** 0%
- **Score:** 0
- **Aligned by:**
    - 目标: 7516653428530053148, Owner: siyue.quan (open_id: ou_4dd03a4f2f55f67615868778cc2d52a3)

#### K..."
gin.xu,2025 年 7 月,120,人,"### 3. Fellow 个人VAU
V1(多卖车多赚钱):完成月度车辆销售交付≥X辆(挑战目标Y辆)总利润贡献≥4万元(或者:总亏损<1万元)。
A1:完成试驾>100个(上月为0%)。月度新增机会>80个(上月为20%),合计个人机会池≥150个(上月为 20%),机会到试驾的转化率≥80%(上月为0%)。
A2:月度锁单目标>2辆(上月为0%),试驾到锁单的转化率≥20%(」上月为0%)。..."
gin.xu,2025 年 7 月,120,人,"### 3. Fellow 个人VAU
V1(多卖车多赚钱):完成月度车辆销售交付≥X辆(挑战目标Y辆)总利润贡献≥4万元(或者:总亏损<1万元)。
A1:完成试驾>100个(上月为0%)。月度新增机会>80个(上月为20%),合计个人机会池≥150个(上月为 20%),机会到试驾的转化率≥80%(上月为0%)。
A2:月度锁单目标>2辆(上月为0%),试驾到锁单的转化率≥20%(」上月为0%)。..."
gin.xu,2025 年 7 月,120,人,"### 3. Fellow 个人VAU
V1(多卖车多赚钱):完成月度车辆销售交付≥X辆(挑战目标Y辆)总利润贡献≥4万元(或者:总亏损<1万元)。
A1:完成试驾>100个(上月为0%)。月度新增机会>80个(上月为20%),合计个人机会池≥150个(上月为 20%),机会到试驾的转化率≥80%(上月为0%)。
A2:月度锁单目标>2辆(上月为0%),试驾到锁单的转化率≥20%(」上月为0%)。..."
gin.xu,2025 年 7 月,120,人,"### 3. Fellow 个人VAU
V1(多卖车多赚钱):完成月度车辆销售交付≥X辆(挑战目标Y辆)总利润贡献≥4万元(或者:总亏损<1万元)。
A1:完成试驾>100个(上月为0%)。月度新增机会>80个(上月为20%),合计个人机会池≥150个(上月为 20%),机会到试驾的转化率≥80%(上月为0%)。
A2:月度锁单目标>2辆(上月为0%),试驾到锁单的转化率≥20%(」上月为0%)。..."
leo.lou,2025 年 7 月,120,人,"### (多建联多建信):当月新增建联≥200人,总建联人数≥300人,并持续建信。
- **Progress:** 0%
- **Score:** 0

#### Key Results:
1. 月度新增建联>200人(其中主动建联≥80人,门店路演建联≥120人)
    - Progress: 0%
    - Score: 0
2. 建联用户的月度建信100%覆盖,所有建联用户月均建信次数..."
jiale.gao,2025 年 7 月,100,人,"### 当月新增建联≥100人，总建联人数≥100人，并持续建信。
- **Progress:** 0%
- **Score:** 0

#### Key Results:
1. 月度新增建联≥100人
    - Progress: 0%
    - Score: 0
2. 建联用户的月度建信100%覆盖，所有建联用户月均建信次数≥3次
    - Progress: 0%
    - Scor..."
jiale.gao,2025 年 7 月,100,人,"### 当月新增建联≥100人，总建联人数≥100人，并持续建信。
- **Progress:** 0%
- **Score:** 0

#### Key Results:
1. 月度新增建联≥100人
    - Progress: 0%
    - Score: 0
2. 建联用户的月度建信100%覆盖，所有建联用户月均建信次数≥3次
    - Progress: 0%
    - Scor..."
jiale.gao,2025 年 7 月,100,人,"### 当月新增建联≥100人，总建联人数≥100人，并持续建信。
- **Progress:** 0%
- **Score:** 0

#### Key Results:
1. 月度新增建联≥100人
    - Progress: 0%
    - Score: 0
2. 建联用户的月度建信100%覆盖，所有建联用户月均建信次数≥3次
    - Progress: 0%
    - Scor..."
jiale.gao,2025 年 7 月,100,人,"### 当月新增建联≥100人，总建联人数≥100人，并持续建信。
- **Progress:** 0%
- **Score:** 0

#### Key Results:
1. 月度新增建联≥100人
    - Progress: 0%
    - Score: 0
2. 建联用户的月度建信100%覆盖，所有建联用户月均建信次数≥3次
    - Progress: 0%
    - Scor..."
jimmy.ye,2025 年 7 月,100,人,"### 多打电话多去主动建联，并保持持续建信
- **Progress:** 0%
- **Score:** 0
- **Aligned by:**
    - 目标: 7516653430569517084, Owner: austin.shen (open_id: ou_b398e4739481c6ea61a66e5f39d19050)
    - 目标: 751665343056951708..."
jimmy.ye,2025 年 7 月,100,人,"### 多打电话多去主动建联，并保持持续建信
- **Progress:** 0%
- **Score:** 0
- **Aligned by:**
    - 目标: 7516653430569517084, Owner: austin.shen (open_id: ou_b398e4739481c6ea61a66e5f39d19050)
    - 目标: 751665343056951708..."
yanan.tao,2025 年 7 月,100,人,"### 多建联多建信:
当月新增建联≥700人,总建联人数≥800
- **Progress:** 0%
- **Score:** 0

#### Key Results:
1. 月度新增建联>700人(其中主动建联≥550人,门店路演建联≥50人,主动外拓异业合作等建联>100人)
    - Progress: 0%
    - Score: 0
2. 建联用户的月度建信100%覆盖,所有建联..."
meijun.jiang,2025 年 7 月,100,人,"### 7月L60锁单1台/交付1台
7月了90意向金2台/锁单1台
- **Progress:** 0%
- **Score:** 0
- **Aligned by:**
    - 目标: 7516653197932412956, Owner: kangjin.hong (open_id: ou_b87709b9ee8ff0865956c922b238e74b)
    - 目标: 75166..."
meijun.jiang,2025 年 7 月,100,人,"### 7月L60锁单1台/交付1台
7月了90意向金2台/锁单1台
- **Progress:** 0%
- **Score:** 0
- **Aligned by:**
    - 目标: 7516653197932412956, Owner: kangjin.hong (open_id: ou_b87709b9ee8ff0865956c922b238e74b)
    - 目标: 75166..."
wenwen.wu,2025 年 7 月,100,人,"### V1(多卖车多赚钱):完成月度车辆销售交付≥5辆(挑战目标6辆),总利润贡献≥3万元
A1:完成试驾≥80个，月度新增机会>80个，合计个人机会池≥150个

A2:月度锁单目标≥5辆，落实试驾质量，app下载80%，选配70%，车机A级占比90%，录音合格率90%

A3:高配车型销售占比50%，官方汽车金融占比>60%，官方二手车占比>40%


V2(多建联多建信):当月新增建联≥1..."
wenwen.wu,2025 年 7 月,100,人,"### V1(多卖车多赚钱):完成月度车辆销售交付≥5辆(挑战目标6辆),总利润贡献≥3万元
A1:完成试驾≥80个，月度新增机会>80个，合计个人机会池≥150个

A2:月度锁单目标≥5辆，落实试驾质量，app下载80%，选配70%，车机A级占比90%，录音合格率90%

A3:高配车型销售占比50%，官方汽车金融占比>60%，官方二手车占比>40%


V2(多建联多建信):当月新增建联≥1..."
wenwen.wu,2025 年 7 月,100,人,"### V1(多卖车多赚钱):完成月度车辆销售交付≥5辆(挑战目标6辆),总利润贡献≥3万元
A1:完成试驾≥80个，月度新增机会>80个，合计个人机会池≥150个

A2:月度锁单目标≥5辆，落实试驾质量，app下载80%，选配70%，车机A级占比90%，录音合格率90%

A3:高配车型销售占比50%，官方汽车金融占比>60%，官方二手车占比>40%


V2(多建联多建信):当月新增建联≥1..."
wenwen.wu,2025 年 7 月,100,人,"### V1(多卖车多赚钱):完成月度车辆销售交付≥5辆(挑战目标6辆),总利润贡献≥3万元
A1:完成试驾≥80个，月度新增机会>80个，合计个人机会池≥150个

A2:月度锁单目标≥5辆，落实试驾质量，app下载80%，选配70%，车机A级占比90%，录音合格率90%

A3:高配车型销售占比50%，官方汽车金融占比>60%，官方二手车占比>40%


V2(多建联多建信):当月新增建联≥1..."
david.sun1,2025 年 7 月,100,人,"### 多建联多建信)：新增建联8人/天，并持续建信
- **Progress:** 0%
- **Score:** 0
- **Aligned by:**
    - 目标: 7516653404204597250, Owner: shuaijie.xu (open_id: ou_1af28bd84fb5bcccdc24c19f3b6ee707)
    - 目标: 75166534042045..."
david.sun1,2025 年 7 月,100,人,"### 多建联多建信)：新增建联8人/天，并持续建信
- **Progress:** 0%
- **Score:** 0
- **Aligned by:**
    - 目标: 7516653404204597250, Owner: shuaijie.xu (open_id: ou_1af28bd84fb5bcccdc24c19f3b6ee707)
    - 目标: 75166534042045..."
cheng.liu7,2025 年 7 月,100,人,"### V1：门店交付2台达成盈亏平衡
- **Progress:** 0%
- **Score:** 0
- **Aligned by:**
    - 目标: 7516653427935543324, Owner: mingjun.zhong2 (open_id: ou_3f0897e30e09d4b7162d65b4277c44fc)

#### Key Results:
1. A1：建联2..."
cheng.liu7,2025 年 7 月,100,人,"### V1：门店交付2台达成盈亏平衡
- **Progress:** 0%
- **Score:** 0
- **Aligned by:**
    - 目标: 7516653427935543324, Owner: mingjun.zhong2 (open_id: ou_3f0897e30e09d4b7162d65b4277c44fc)

#### Key Results:
1. A1：建联2..."
cheng.liu7,2025 年 7 月,100,人,"### V1：门店交付2台达成盈亏平衡
- **Progress:** 0%
- **Score:** 0
- **Aligned by:**
    - 目标: 7516653427935543324, Owner: mingjun.zhong2 (open_id: ou_3f0897e30e09d4b7162d65b4277c44fc)

#### Key Results:
1. A1：建联2..."
cheng.liu7,2025 年 7 月,100,人,"### V1：门店交付2台达成盈亏平衡
- **Progress:** 0%
- **Score:** 0
- **Aligned by:**
    - 目标: 7516653427935543324, Owner: mingjun.zhong2 (open_id: ou_3f0897e30e09d4b7162d65b4277c44fc)

#### Key Results:
1. A1：建联2..."
wenbo.zhang7,2025 年 7 月,100,人,"### 当月新增建联≥100人，总建联人数≥100人，并持续建信。
- **Progress:** 0%
- **Score:** 0

#### Key Results:
1. 月度新增建联≥100人
    - Progress: 0%
    - Score: 0
2. 建联用户的月度建信100%覆盖，所有建联用户月均建信次数≥3次
    - Progress: 0%
    - Scor..."
wenbo.zhang7,2025 年 7 月,100,人,"### 当月新增建联≥100人，总建联人数≥100人，并持续建信。
- **Progress:** 0%
- **Score:** 0

#### Key Results:
1. 月度新增建联≥100人
    - Progress: 0%
    - Score: 0
2. 建联用户的月度建信100%覆盖，所有建联用户月均建信次数≥3次
    - Progress: 0%
    - Scor..."
wenbo.zhang7,2025 年 7 月,100,人,"### 当月新增建联≥100人，总建联人数≥100人，并持续建信。
- **Progress:** 0%
- **Score:** 0

#### Key Results:
1. 月度新增建联≥100人
    - Progress: 0%
    - Score: 0
2. 建联用户的月度建信100%覆盖，所有建联用户月均建信次数≥3次
    - Progress: 0%
    - Scor..."
wenbo.zhang7,2025 年 7 月,100,人,"### 当月新增建联≥100人，总建联人数≥100人，并持续建信。
- **Progress:** 0%
- **Score:** 0

#### Key Results:
1. 月度新增建联≥100人
    - Progress: 0%
    - Score: 0
2. 建联用户的月度建信100%覆盖，所有建联用户月均建信次数≥3次
    - Progress: 0%
    - Scor..."
wujun.ren,2025 年 7 月,100,人,"### （多建联多建信）：单日建联≥4组/人/天，并持续建信
- **Progress:** 0%
- **Score:** 0
- **Aligned by:**
    - 目标: 7516651185101783068, Owner: freda.chang (open_id: ou_5881ab3db20d6a8b900cf7c9ba356fc4)
    - 目标: 7516653430..."
wujun.ren,2025 年 7 月,100,人,"### （多建联多建信）：单日建联≥4组/人/天，并持续建信
- **Progress:** 0%
- **Score:** 0
- **Aligned by:**
    - 目标: 7516651185101783068, Owner: freda.chang (open_id: ou_5881ab3db20d6a8b900cf7c9ba356fc4)
    - 目标: 7516653430..."
shuai.li12,2025 年 7 月,100,人,"### 当月新增建联≥100人,总建联人数≥600人,并持续建信。
- **Progress:** 0%
- **Score:** 0

#### Key Results:
1. 月度新增建联>100人，新机会企微信添加70%
    - Progress: 0%
    - Score: 0
2. 建联用户的月度建信100%覆盖,所有建联用户月均建信次数30次
    - Progress: 0..."
shuai.li12,2025 年 7 月,100,人,"### 当月新增建联≥100人,总建联人数≥600人,并持续建信。
- **Progress:** 0%
- **Score:** 0

#### Key Results:
1. 月度新增建联>100人，新机会企微信添加70%
    - Progress: 0%
    - Score: 0
2. 建联用户的月度建信100%覆盖,所有建联用户月均建信次数30次
    - Progress: 0..."
shuai.li12,2025 年 7 月,100,人,"### 当月新增建联≥100人,总建联人数≥600人,并持续建信。
- **Progress:** 0%
- **Score:** 0

#### Key Results:
1. 月度新增建联>100人，新机会企微信添加70%
    - Progress: 0%
    - Score: 0
2. 建联用户的月度建信100%覆盖,所有建联用户月均建信次数30次
    - Progress: 0..."
shuai.li12,2025 年 7 月,100,人,"### 当月新增建联≥100人,总建联人数≥600人,并持续建信。
- **Progress:** 0%
- **Score:** 0

#### Key Results:
1. 月度新增建联>100人，新机会企微信添加70%
    - Progress: 0%
    - Score: 0
2. 建联用户的月度建信100%覆盖,所有建联用户月均建信次数30次
    - Progress: 0..."
xushen.huang,2025 年 7 月,100,人,"### V1：门店交付2台达成盈亏平衡
- **Progress:** 0%
- **Score:** 0
- **Aligned by:**
    - 目标: 7516653427935543324, Owner: mingjun.zhong2 (open_id: ou_3f0897e30e09d4b7162d65b4277c44fc)

#### Key Results:
1. A1：建联2..."
xushen.huang,2025 年 7 月,100,人,"### V1：门店交付2台达成盈亏平衡
- **Progress:** 0%
- **Score:** 0
- **Aligned by:**
    - 目标: 7516653427935543324, Owner: mingjun.zhong2 (open_id: ou_3f0897e30e09d4b7162d65b4277c44fc)

#### Key Results:
1. A1：建联2..."
xushen.huang,2025 年 7 月,100,人,"### V1：门店交付2台达成盈亏平衡
- **Progress:** 0%
- **Score:** 0
- **Aligned by:**
    - 目标: 7516653427935543324, Owner: mingjun.zhong2 (open_id: ou_3f0897e30e09d4b7162d65b4277c44fc)

#### Key Results:
1. A1：建联2..."
xushen.huang,2025 年 7 月,100,人,"### V1：门店交付2台达成盈亏平衡
- **Progress:** 0%
- **Score:** 0
- **Aligned by:**
    - 目标: 7516653427935543324, Owner: mingjun.zhong2 (open_id: ou_3f0897e30e09d4b7162d65b4277c44fc)

#### Key Results:
1. A1：建联2..."
jiajun.wang6,2025 年 7 月,100,人,"### 多建联多建信：新增建联2人/天，并持续建信。
- **Progress:** 0%
- **Score:** 0
- **Aligned by:**
    - 目标: 7516653430569517084, Owner: austin.shen (open_id: ou_b398e4739481c6ea61a66e5f39d19050)

#### Key Results:
1. 月度..."
jiajun.wang6,2025 年 7 月,100,人,"### 多建联多建信：新增建联2人/天，并持续建信。
- **Progress:** 0%
- **Score:** 0
- **Aligned by:**
    - 目标: 7516653430569517084, Owner: austin.shen (open_id: ou_b398e4739481c6ea61a66e5f39d19050)

#### Key Results:
1. 月度..."
yi.tian,2025 年 7 月,100,人,"### 2（多建联多建信）：当月新增建联≥100人，总建联人数≥100人，并持续建信。
A1：月度新增建联＞2人每天（其中主动建联≥2人每天，外拓2人每天，
A2：建联用户的月度建信100％覆盖，所有建联用户月均建信次数≥3次
A3：主动面对面拜访30个已建联无明确购车需求用户（包括合作伙伴、蔚来或乐道的老用户，等），新增10个老用户涟漪的L60种草试驾。
A4：每月组织开展2次异业合作或外拓获客..."
yi.tian,2025 年 7 月,100,人,"### 2（多建联多建信）：当月新增建联≥100人，总建联人数≥100人，并持续建信。
A1：月度新增建联＞2人每天（其中主动建联≥2人每天，外拓2人每天，
A2：建联用户的月度建信100％覆盖，所有建联用户月均建信次数≥3次
A3：主动面对面拜访30个已建联无明确购车需求用户（包括合作伙伴、蔚来或乐道的老用户，等），新增10个老用户涟漪的L60种草试驾。
A4：每月组织开展2次异业合作或外拓获客..."
jia.li12,2025 年 7 月,97,人,"### (多建联多建信):月度个人新增建联>97组
A1)月度个人新增建联>97组  
A2)开口获取新增建联目标，每日线索3-5个/人(周中3，周末5)，企业微信添加率80%
A3）在社媒(含朋友圈、小红书、抖音)精心设计、原创内容8篇
- **Progress:** 0%
- **Score:** 0

---"
jia.li12,2025 年 7 月,97,人,"### (多建联多建信):月度个人新增建联>97组
A1)月度个人新增建联>97组  
A2)开口获取新增建联目标，每日线索3-5个/人(周中3，周末5)，企业微信添加率80%
A3）在社媒(含朋友圈、小红书、抖音)精心设计、原创内容8篇
- **Progress:** 0%
- **Score:** 0

---"
jia.li12,2025 年 7 月,97,人,"### (多建联多建信):月度个人新增建联>97组
A1)月度个人新增建联>97组  
A2)开口获取新增建联目标，每日线索3-5个/人(周中3，周末5)，企业微信添加率80%
A3）在社媒(含朋友圈、小红书、抖音)精心设计、原创内容8篇
- **Progress:** 0%
- **Score:** 0

---"
jia.li12,2025 年 7 月,97,人,"### (多建联多建信):月度个人新增建联>97组
A1)月度个人新增建联>97组  
A2)开口获取新增建联目标，每日线索3-5个/人(周中3，周末5)，企业微信添加率80%
A3）在社媒(含朋友圈、小红书、抖音)精心设计、原创内容8篇
- **Progress:** 0%
- **Score:** 0

---"
yaoguo.chen,2025 年 7 月,97,人,"### (多建联多建信):月度个人新增建联>97组
A1)月度个人新增建联>97组
A2)开口获取新增建联目标，每日线索3-5个/人(周中3，周末5)，企业微信添加率80%
A3 在社媒(含朋友圈、小红书、抖音)精心设计、原创内容8篇
- **Progress:** 0%
- **Score:** 0
- **Aligned by:**
    - 目标: 7516653429093908482,..."
yaoguo.chen,2025 年 7 月,97,人,"### (多建联多建信):月度个人新增建联>97组
A1)月度个人新增建联>97组
A2)开口获取新增建联目标，每日线索3-5个/人(周中3，周末5)，企业微信添加率80%
A3 在社媒(含朋友圈、小红书、抖音)精心设计、原创内容8篇
- **Progress:** 0%
- **Score:** 0
- **Aligned by:**
    - 目标: 7516653429093908482,..."
yaoguo.chen,2025 年 7 月,97,人,"### (多建联多建信):月度个人新增建联>97组
A1)月度个人新增建联>97组
A2)开口获取新增建联目标，每日线索3-5个/人(周中3，周末5)，企业微信添加率80%
A3 在社媒(含朋友圈、小红书、抖音)精心设计、原创内容8篇
- **Progress:** 0%
- **Score:** 0
- **Aligned by:**
    - 目标: 7516653429093908482,..."
yaoguo.chen,2025 年 7 月,97,人,"### (多建联多建信):月度个人新增建联>97组
A1)月度个人新增建联>97组
A2)开口获取新增建联目标，每日线索3-5个/人(周中3，周末5)，企业微信添加率80%
A3 在社媒(含朋友圈、小红书、抖音)精心设计、原创内容8篇
- **Progress:** 0%
- **Score:** 0
- **Aligned by:**
    - 目标: 7516653429093908482,..."
juncheng.wang2,2025 年 7 月,97,人,"### （多建联多建信）：月度个人新增建联>97组
- **Progress:** 0%
- **Score:** 0

#### Key Results:
1. 月度个人新增建联>97组
    - Progress: 0%
    - Score: 0
2. 开口获取新增建联目标，每日线索3-5个/人（周中3，周末5），企业微信添加率80%
    - Progress: 0%
    - S..."
juncheng.wang2,2025 年 7 月,97,人,"### （多建联多建信）：月度个人新增建联>97组
- **Progress:** 0%
- **Score:** 0

#### Key Results:
1. 月度个人新增建联>97组
    - Progress: 0%
    - Score: 0
2. 开口获取新增建联目标，每日线索3-5个/人（周中3，周末5），企业微信添加率80%
    - Progress: 0%
    - S..."
juncheng.wang2,2025 年 7 月,97,人,"### （多建联多建信）：月度个人新增建联>97组
- **Progress:** 0%
- **Score:** 0

#### Key Results:
1. 月度个人新增建联>97组
    - Progress: 0%
    - Score: 0
2. 开口获取新增建联目标，每日线索3-5个/人（周中3，周末5），企业微信添加率80%
    - Progress: 0%
    - S..."
juncheng.wang2,2025 年 7 月,97,人,"### （多建联多建信）：月度个人新增建联>97组
- **Progress:** 0%
- **Score:** 0

#### Key Results:
1. 月度个人新增建联>97组
    - Progress: 0%
    - Score: 0
2. 开口获取新增建联目标，每日线索3-5个/人（周中3，周末5），企业微信添加率80%
    - Progress: 0%
    - S..."
jing.yang15,2025 年 7 月,97,人,"### (多建联多建信):月度个人新增建联>97组
A1)月度个人新增建联>97组 
A2)开口获取新增建联目标，每日线索3-5个/人(周中3，周末5)，企业微信添加率80%
A3 在社媒(含朋友圈、小红书、抖音)精心设计、原创内容8篇
- **Progress:** 0%
- **Score:** 0
- **Aligned by:**
    - 目标: 7516653429093908482..."
jing.yang15,2025 年 7 月,97,人,"### (多建联多建信):月度个人新增建联>97组
A1)月度个人新增建联>97组 
A2)开口获取新增建联目标，每日线索3-5个/人(周中3，周末5)，企业微信添加率80%
A3 在社媒(含朋友圈、小红书、抖音)精心设计、原创内容8篇
- **Progress:** 0%
- **Score:** 0
- **Aligned by:**
    - 目标: 7516653429093908482..."
jing.yang15,2025 年 7 月,97,人,"### (多建联多建信):月度个人新增建联>97组
A1)月度个人新增建联>97组 
A2)开口获取新增建联目标，每日线索3-5个/人(周中3，周末5)，企业微信添加率80%
A3 在社媒(含朋友圈、小红书、抖音)精心设计、原创内容8篇
- **Progress:** 0%
- **Score:** 0
- **Aligned by:**
    - 目标: 7516653429093908482..."
jing.yang15,2025 年 7 月,97,人,"### (多建联多建信):月度个人新增建联>97组
A1)月度个人新增建联>97组 
A2)开口获取新增建联目标，每日线索3-5个/人(周中3，周末5)，企业微信添加率80%
A3 在社媒(含朋友圈、小红书、抖音)精心设计、原创内容8篇
- **Progress:** 0%
- **Score:** 0
- **Aligned by:**
    - 目标: 7516653429093908482..."
leo.liu33,2025 年 7 月,97,人,"### (多卖车多赚钱):完成L60月度锁单及交付2台(挑战目标4台)
A1) 月度L60锁单及交付目标2台
A2）月度试驾量>40组
A3）月度总跟进数>1080组 日跟进量>40组

(多建联多建信):月度个人新增建联>97组 
A1)月度个人新增建联>97组 
A2)开口获取新增建联目标，每日线索3-5个/人(周中3，周末5)，企业微信添加率80%
A3 在社媒(含朋友圈、小红书、抖音)精心..."
leo.liu33,2025 年 7 月,97,人,"### (多卖车多赚钱):完成L60月度锁单及交付2台(挑战目标4台)
A1) 月度L60锁单及交付目标2台
A2）月度试驾量>40组
A3）月度总跟进数>1080组 日跟进量>40组

(多建联多建信):月度个人新增建联>97组 
A1)月度个人新增建联>97组 
A2)开口获取新增建联目标，每日线索3-5个/人(周中3，周末5)，企业微信添加率80%
A3 在社媒(含朋友圈、小红书、抖音)精心..."
leo.liu33,2025 年 7 月,97,人,"### (多卖车多赚钱):完成L60月度锁单及交付2台(挑战目标4台)
A1) 月度L60锁单及交付目标2台
A2）月度试驾量>40组
A3）月度总跟进数>1080组 日跟进量>40组

(多建联多建信):月度个人新增建联>97组 
A1)月度个人新增建联>97组 
A2)开口获取新增建联目标，每日线索3-5个/人(周中3，周末5)，企业微信添加率80%
A3 在社媒(含朋友圈、小红书、抖音)精心..."
leo.liu33,2025 年 7 月,97,人,"### (多卖车多赚钱):完成L60月度锁单及交付2台(挑战目标4台)
A1) 月度L60锁单及交付目标2台
A2）月度试驾量>40组
A3）月度总跟进数>1080组 日跟进量>40组

(多建联多建信):月度个人新增建联>97组 
A1)月度个人新增建联>97组 
A2)开口获取新增建联目标，每日线索3-5个/人(周中3，周末5)，企业微信添加率80%
A3 在社媒(含朋友圈、小红书、抖音)精心..."
fangying.liao,2025 年 7 月,97,人,"### (多建联多建信):月度个人新增建联>97组 A1)月度个人新增建联>97组  A2)开口获取新增建联目标，每日线索3-5个/人(周中3，周末5)，企业微信添加率80%A3 在社媒(含朋友圈、小红书、抖音)精心设计、原创内容8篇
- **Progress:** 0%
- **Score:** 0
- **Aligned by:**
    - 目标: 7516653429093908482,..."
fangying.liao,2025 年 7 月,97,人,"### (多建联多建信):月度个人新增建联>97组 A1)月度个人新增建联>97组  A2)开口获取新增建联目标，每日线索3-5个/人(周中3，周末5)，企业微信添加率80%A3 在社媒(含朋友圈、小红书、抖音)精心设计、原创内容8篇
- **Progress:** 0%
- **Score:** 0
- **Aligned by:**
    - 目标: 7516653429093908482,..."
fangying.liao,2025 年 7 月,97,人,"### (多建联多建信):月度个人新增建联>97组 A1)月度个人新增建联>97组  A2)开口获取新增建联目标，每日线索3-5个/人(周中3，周末5)，企业微信添加率80%A3 在社媒(含朋友圈、小红书、抖音)精心设计、原创内容8篇
- **Progress:** 0%
- **Score:** 0
- **Aligned by:**
    - 目标: 7516653429093908482,..."
fangying.liao,2025 年 7 月,97,人,"### (多建联多建信):月度个人新增建联>97组 A1)月度个人新增建联>97组  A2)开口获取新增建联目标，每日线索3-5个/人(周中3，周末5)，企业微信添加率80%A3 在社媒(含朋友圈、小红书、抖音)精心设计、原创内容8篇
- **Progress:** 0%
- **Score:** 0
- **Aligned by:**
    - 目标: 7516653429093908482,..."
kennys.shen,2025 年 7 月,95,人,"### 多建联多建信：月度新增建联≥95 人，并持续建信。
- **Progress:** 0%
- **Score:** 0
- **Aligned by:**
    - 目标: 7516570272549879811, Owner: jiemin.zhou (open_id: ou_939322f894b92ea23d51ec23762b7106)

#### Key Results:
1...."
kennys.shen,2025 年 7 月,95,人,"### 多建联多建信：月度新增建联≥95 人，并持续建信。
- **Progress:** 0%
- **Score:** 0
- **Aligned by:**
    - 目标: 7516570272549879811, Owner: jiemin.zhou (open_id: ou_939322f894b92ea23d51ec23762b7106)

#### Key Results:
1...."
liyuan.bao,2025 年 7 月,95,人,"### 多建联多建信：月度新增建联≥95 人，并持续建信。
- **Progress:** 0%
- **Score:** 0
- **Aligned by:**
    - 目标: 7516570272549879811, Owner: jiemin.zhou (open_id: ou_939322f894b92ea23d51ec23762b7106)

#### Key Results:
1...."
liyuan.bao,2025 年 7 月,95,人,"### 多建联多建信：月度新增建联≥95 人，并持续建信。
- **Progress:** 0%
- **Score:** 0
- **Aligned by:**
    - 目标: 7516570272549879811, Owner: jiemin.zhou (open_id: ou_939322f894b92ea23d51ec23762b7106)

#### Key Results:
1...."
michael.wu5,2025 年 7 月,90,人,"### 当月新增建联≥90人,总建联人数≥30人,并持续建信。
- **Progress:** 0%
- **Score:** 0
- **Aligned by:**
    - 目标: 7516653426836799490, Owner: jay.zhao2 (open_id: ou_c550734838753c1d79cfcfdb131fb247)

#### Key Results:
1...."
michael.wu5,2025 年 7 月,90,人,"### 当月新增建联≥90人,总建联人数≥30人,并持续建信。
- **Progress:** 0%
- **Score:** 0
- **Aligned by:**
    - 目标: 7516653426836799490, Owner: jay.zhao2 (open_id: ou_c550734838753c1d79cfcfdb131fb247)

#### Key Results:
1...."
dan.liu4,2025 年 7 月,80,人,"### (多建联多建信):当月新增建联≥80人，总建联人数≥100人，并持续建信。
A1:月度新增建联≥80人(其中主动建联≥40人，门店路演建联≥40人。
 A2:建联用户的月度建信100%覆盖，所有建联用户月均建信次数≥3次
A3:主动面对面拜访5个已建联无明确购车需求用户(包括合作伙伴、蔚来或乐道的老用户，等)，新增10个蔚来老用户的的L60种草试驾。
A4:在社媒(含朋友圈、视频号、小红书..."
dan.liu4,2025 年 7 月,80,人,"### (多建联多建信):当月新增建联≥80人，总建联人数≥100人，并持续建信。
A1:月度新增建联≥80人(其中主动建联≥40人，门店路演建联≥40人。
 A2:建联用户的月度建信100%覆盖，所有建联用户月均建信次数≥3次
A3:主动面对面拜访5个已建联无明确购车需求用户(包括合作伙伴、蔚来或乐道的老用户，等)，新增10个蔚来老用户的的L60种草试驾。
A4:在社媒(含朋友圈、视频号、小红书..."
dan.liu4,2025 年 7 月,80,人,"### (多建联多建信):当月新增建联≥80人，总建联人数≥100人，并持续建信。
A1:月度新增建联≥80人(其中主动建联≥40人，门店路演建联≥40人。
 A2:建联用户的月度建信100%覆盖，所有建联用户月均建信次数≥3次
A3:主动面对面拜访5个已建联无明确购车需求用户(包括合作伙伴、蔚来或乐道的老用户，等)，新增10个蔚来老用户的的L60种草试驾。
A4:在社媒(含朋友圈、视频号、小红书..."
dan.liu4,2025 年 7 月,80,人,"### (多建联多建信):当月新增建联≥80人，总建联人数≥100人，并持续建信。
A1:月度新增建联≥80人(其中主动建联≥40人，门店路演建联≥40人。
 A2:建联用户的月度建信100%覆盖，所有建联用户月均建信次数≥3次
A3:主动面对面拜访5个已建联无明确购车需求用户(包括合作伙伴、蔚来或乐道的老用户，等)，新增10个蔚来老用户的的L60种草试驾。
A4:在社媒(含朋友圈、视频号、小红书..."
xiaojie.xiong,2025 年 7 月,80,人,"### 1.月保一争二，完成新人首单任务
2.通过门店接待、拦截网络祈渠道建联80个
3.每日外呼有效接通50个，月试驾40个
4.接待流程试驾流程学习演练
- **Progress:** 0%
- **Score:** 0

---"
xiaojie.xiong,2025 年 7 月,80,人,"### 1.月保一争二，完成新人首单任务
2.通过门店接待、拦截网络祈渠道建联80个
3.每日外呼有效接通50个，月试驾40个
4.接待流程试驾流程学习演练
- **Progress:** 0%
- **Score:** 0

---"
hong.zhang19,2025 年 7 月,80,人,"### 多建联多建信，当月新增建联大于等于380 建信周度大于等于240 每日建联11组
- **Progress:** 0%
- **Score:** 0
- **Aligned by:**
    - 目标: 7516653428530053148, Owner: siyue.quan (open_id: ou_4dd03a4f2f55f67615868778cc2d52a3)

#### K..."
yutong.guo,2025 年 7 月,80,人,"### 当月新增建联80人
- **Progress:** 0%
- **Score:** 0

#### Key Results:
1. 月度新增建联80人
    - Progress: 0%
    - Score: 0
2. 月度建信100% 均建信次数2-3次
    - Progress: 0%
    - Score: 0
3. 主动外拓4次 外拓新增用户30人
    - Prog..."
yutong.guo,2025 年 7 月,80,人,"### 当月新增建联80人
- **Progress:** 0%
- **Score:** 0

#### Key Results:
1. 月度新增建联80人
    - Progress: 0%
    - Score: 0
2. 月度建信100% 均建信次数2-3次
    - Progress: 0%
    - Score: 0
3. 主动外拓4次 外拓新增用户30人
    - Prog..."
yutong.guo,2025 年 7 月,80,人,"### 当月新增建联80人
- **Progress:** 0%
- **Score:** 0

#### Key Results:
1. 月度新增建联80人
    - Progress: 0%
    - Score: 0
2. 月度建信100% 均建信次数2-3次
    - Progress: 0%
    - Score: 0
3. 主动外拓4次 外拓新增用户30人
    - Prog..."
yutong.guo,2025 年 7 月,80,人,"### 当月新增建联80人
- **Progress:** 0%
- **Score:** 0

#### Key Results:
1. 月度新增建联80人
    - Progress: 0%
    - Score: 0
2. 月度建信100% 均建信次数2-3次
    - Progress: 0%
    - Score: 0
3. 主动外拓4次 外拓新增用户30人
    - Prog..."
yutong.guo,2025 年 7 月,80,人,"### 当月新增建联80人
- **Progress:** 0%
- **Score:** 0

#### Key Results:
1. 月度新增建联80人
    - Progress: 0%
    - Score: 0
2. 月度建信100% 均建信次数2-3次
    - Progress: 0%
    - Score: 0
3. 主动外拓4次 外拓新增用户30人
    - Prog..."
yutong.guo,2025 年 7 月,80,人,"### 当月新增建联80人
- **Progress:** 0%
- **Score:** 0

#### Key Results:
1. 月度新增建联80人
    - Progress: 0%
    - Score: 0
2. 月度建信100% 均建信次数2-3次
    - Progress: 0%
    - Score: 0
3. 主动外拓4次 外拓新增用户30人
    - Prog..."
yutong.guo,2025 年 7 月,80,人,"### 当月新增建联80人
- **Progress:** 0%
- **Score:** 0

#### Key Results:
1. 月度新增建联80人
    - Progress: 0%
    - Score: 0
2. 月度建信100% 均建信次数2-3次
    - Progress: 0%
    - Score: 0
3. 主动外拓4次 外拓新增用户30人
    - Prog..."
yutong.guo,2025 年 7 月,80,人,"### 当月新增建联80人
- **Progress:** 0%
- **Score:** 0

#### Key Results:
1. 月度新增建联80人
    - Progress: 0%
    - Score: 0
2. 月度建信100% 均建信次数2-3次
    - Progress: 0%
    - Score: 0
3. 主动外拓4次 外拓新增用户30人
    - Prog..."
xu.han9,2025 年 7 月,80,人,"### 新增建联≥3个/天，并持续建信。
- **Progress:** 0%
- **Score:** 0
- **Aligned by:**
    - 目标: 7516653427688947713, Owner: vic.he1 (open_id: ou_1f8dd56cb4fbeeaa9aaa85f367f8853e)

#### Key Results:
1. 月度新增建联≥80人(其..."
xu.han9,2025 年 7 月,80,人,"### 新增建联≥3个/天，并持续建信。
- **Progress:** 0%
- **Score:** 0
- **Aligned by:**
    - 目标: 7516653427688947713, Owner: vic.he1 (open_id: ou_1f8dd56cb4fbeeaa9aaa85f367f8853e)

#### Key Results:
1. 月度新增建联≥80人(其..."
gin.xu,2025 年 7 月,80,人,"### 3. Fellow 个人VAU
V1(多卖车多赚钱):完成月度车辆销售交付≥X辆(挑战目标Y辆)总利润贡献≥4万元(或者:总亏损<1万元)。
A1:完成试驾>100个(上月为0%)。月度新增机会>80个(上月为20%),合计个人机会池≥150个(上月为 20%),机会到试驾的转化率≥80%(上月为0%)。
A2:月度锁单目标>2辆(上月为0%),试驾到锁单的转化率≥20%(」上月为0%)。..."
leo.lou,2025 年 7 月,80,人,"### (多建联多建信):当月新增建联≥200人,总建联人数≥300人,并持续建信。
- **Progress:** 0%
- **Score:** 0

#### Key Results:
1. 月度新增建联>200人(其中主动建联≥80人,门店路演建联≥120人)
    - Progress: 0%
    - Score: 0
2. 建联用户的月度建信100%覆盖,所有建联用户月均建信次数..."
micheal.chen,2025 年 7 月,78,人,"### (多建联多建信):人均新增建联≥3，并持续建信
- **Progress:** 0%
- **Score:** 0
- **Aligned by:**
    - 目标: 7516653427688947713, Owner: vic.he1 (open_id: ou_1f8dd56cb4fbeeaa9aaa85f367f8853e)

#### Key Results:
1. 月度总新增..."
micheal.chen,2025 年 7 月,78,人,"### (多建联多建信):人均新增建联≥3，并持续建信
- **Progress:** 0%
- **Score:** 0
- **Aligned by:**
    - 目标: 7516653427688947713, Owner: vic.he1 (open_id: ou_1f8dd56cb4fbeeaa9aaa85f367f8853e)

#### Key Results:
1. 月度总新增..."
ivan.chen,2025 年 7 月,75,人,"### 参考上周线索68条，本周建联75
- **Progress:** 0%
- **Score:** 0

#### Key Results:
1. 门店接待做好，多听多问多学
    - Progress: 0%
    - Score: 0
2. 路演外展做好，尽可能多留用户
    - Progress: 0%
    - Score: 0
3. 线上线索也是多跟进，把握好机会
    ..."
kennys.shen,2025 年 7 月,65,人,"### 多建联多建信：月度新增建联≥95 人，并持续建信。
- **Progress:** 0%
- **Score:** 0
- **Aligned by:**
    - 目标: 7516570272549879811, Owner: jiemin.zhou (open_id: ou_939322f894b92ea23d51ec23762b7106)

#### Key Results:
1...."
kennys.shen,2025 年 7 月,65,人,"### 多建联多建信：月度新增建联≥95 人，并持续建信。
- **Progress:** 0%
- **Score:** 0
- **Aligned by:**
    - 目标: 7516570272549879811, Owner: jiemin.zhou (open_id: ou_939322f894b92ea23d51ec23762b7106)

#### Key Results:
1...."
liyuan.bao,2025 年 7 月,65,人,"### 多建联多建信：月度新增建联≥95 人，并持续建信。
- **Progress:** 0%
- **Score:** 0
- **Aligned by:**
    - 目标: 7516570272549879811, Owner: jiemin.zhou (open_id: ou_939322f894b92ea23d51ec23762b7106)

#### Key Results:
1...."
liyuan.bao,2025 年 7 月,65,人,"### 多建联多建信：月度新增建联≥95 人，并持续建信。
- **Progress:** 0%
- **Score:** 0
- **Aligned by:**
    - 目标: 7516570272549879811, Owner: jiemin.zhou (open_id: ou_939322f894b92ea23d51ec23762b7106)

#### Key Results:
1...."
will.xiao,2025 年 7 月,60,人,"### V1（能力成长）：持续学习，提升建联建信、卖车及服务相关的能力A1：（新 Fellow）通过 ACDC培训
A2：完成并通过产品知识考试（如有）；完成竞品车型的攻防演练（如有）A3：每周输出1个优秀案例并在团队内分享
A4：每月完成一本销售类书籍的阅读（如销售、心理学、谈判，等），并在战队内分享
- **Progress:** 0%
- **Score:** 0

#### Key Res..."
will.xiao,2025 年 7 月,60,人,"### V1（能力成长）：持续学习，提升建联建信、卖车及服务相关的能力A1：（新 Fellow）通过 ACDC培训
A2：完成并通过产品知识考试（如有）；完成竞品车型的攻防演练（如有）A3：每周输出1个优秀案例并在团队内分享
A4：每月完成一本销售类书籍的阅读（如销售、心理学、谈判，等），并在战队内分享
- **Progress:** 0%
- **Score:** 0

#### Key Res..."
yilin.chen5,2025 年 7 月,60,人,"### 多建联多建信:当月新增建联≥50人,总建联人数≥60人,并持续建信
- **Progress:** 0%
- **Score:** 0

#### Key Results:
1. 月度新增建联>60人(其中主动建联≥20人,门店路演建联≥30人，市场活动≥10人)
    - Progress: 0%
    - Score: 0
2. 建联用户的月度建信100%覆盖,所有建联用户月均建信..."
yilin.chen5,2025 年 7 月,60,人,"### 多建联多建信:当月新增建联≥50人,总建联人数≥60人,并持续建信
- **Progress:** 0%
- **Score:** 0

#### Key Results:
1. 月度新增建联>60人(其中主动建联≥20人,门店路演建联≥30人，市场活动≥10人)
    - Progress: 0%
    - Score: 0
2. 建联用户的月度建信100%覆盖,所有建联用户月均建信..."
shuo.qiu,2025 年 7 月,60,人,"### (多建联多建信):当月新增建联≥60人,总建联人数≥50人,并持续建信。
- **Progress:** 0%
- **Score:** 0

#### Key Results:
1. 月度新增建联>50人(其中主动建联≥15人,门店路演建联10人,小红书等其他线上渠道建联20人。)
    - Progress: 0%
    - Score: 0
2. 建联用户的月度建信100%覆盖,..."
shuo.qiu,2025 年 7 月,60,人,"### (多建联多建信):当月新增建联≥60人,总建联人数≥50人,并持续建信。
- **Progress:** 0%
- **Score:** 0

#### Key Results:
1. 月度新增建联>50人(其中主动建联≥15人,门店路演建联10人,小红书等其他线上渠道建联20人。)
    - Progress: 0%
    - Score: 0
2. 建联用户的月度建信100%覆盖,..."
botao.kan,2025 年 7 月,60,人,"### (多建联多建信):当月新增建联≥60人,总建联人数≥67人,并持续建信。
- **Progress:** 0%
- **Score:** 0

#### Key Results:
1. 月度新增建联>60人(其中主动建联≥40人,门店路演建联>20人。
    - Progress: 0%
    - Score: 0
2. 建联用户的月度建信70%覆盖,所有建联用户月均建信次数≥3次
 ..."
botao.kan,2025 年 7 月,60,人,"### (多建联多建信):当月新增建联≥60人,总建联人数≥67人,并持续建信。
- **Progress:** 0%
- **Score:** 0

#### Key Results:
1. 月度新增建联>60人(其中主动建联≥40人,门店路演建联>20人。
    - Progress: 0%
    - Score: 0
2. 建联用户的月度建信70%覆盖,所有建联用户月均建信次数≥3次
 ..."
botao.kan,2025 年 7 月,60,人,"### (多建联多建信):当月新增建联≥60人,总建联人数≥67人,并持续建信。
- **Progress:** 0%
- **Score:** 0

#### Key Results:
1. 月度新增建联>60人(其中主动建联≥40人,门店路演建联>20人。
    - Progress: 0%
    - Score: 0
2. 建联用户的月度建信70%覆盖,所有建联用户月均建信次数≥3次
 ..."
botao.kan,2025 年 7 月,60,人,"### (多建联多建信):当月新增建联≥60人,总建联人数≥67人,并持续建信。
- **Progress:** 0%
- **Score:** 0

#### Key Results:
1. 月度新增建联>60人(其中主动建联≥40人,门店路演建联>20人。
    - Progress: 0%
    - Score: 0
2. 建联用户的月度建信70%覆盖,所有建联用户月均建信次数≥3次
 ..."
carry.wang,2025 年 7 月,52,人,"### 人均建联≥2组，并持续建信。
- **Progress:** 0%
- **Score:** 0
- **Aligned by:**
    - 目标: 7516651640880955393, Owner: philip.zhou (open_id: ou_3515987a7f8d563072188fcec18d2249)

#### Key Results:
1. 每日闭环企业微信朋友..."
linguang.wu,2025 年 7 月,50,人,"### 建联50个用户、试驾15、持续建信每日20+
- **Progress:** 0%
- **Score:** 0

#### Key Results:
1. 学习建联、建信怎么玩法、完好的去执行领导给的任务
    - Progress: 0%
    - Score: 0
2. 明确自己每天工作需要的数据1.电话每天50+
2.试驾每天2+
3.高质量客户沟通聊天5+
    - Pro..."
linguang.wu,2025 年 7 月,50,人,"### 建联50个用户、试驾15、持续建信每日20+
- **Progress:** 0%
- **Score:** 0

#### Key Results:
1. 学习建联、建信怎么玩法、完好的去执行领导给的任务
    - Progress: 0%
    - Score: 0
2. 明确自己每天工作需要的数据1.电话每天50+
2.试驾每天2+
3.高质量客户沟通聊天5+
    - Pro..."
tian.gu,2025 年 7 月,50,人,"### 7月完成个人销售L60目标3台L90意向金10台
- **Progress:** 0%
- **Score:** 0
- **Aligned by:**
    - 目标: 7516653428668432386, Owner: xunxun.lou (open_id: ou_93f15ffd26366da4b18938e046fe1e51)
    - 目标: 7516653428668..."
xumin.han,2025 年 7 月,50,人,"### 7月新增建联200人，持续建信
- **Progress:** 0%
- **Score:** 0
- **Aligned by:**
    - 目标: 7516570272550060035, Owner: leo.li35 (open_id: ou_a5d80436d8a253e8e0140c46758dedb7)

#### Key Results:
1. 主动建联50人，门店路演..."
xumin.han,2025 年 7 月,50,人,"### 7月新增建联200人，持续建信
- **Progress:** 0%
- **Score:** 0
- **Aligned by:**
    - 目标: 7516570272550060035, Owner: leo.li35 (open_id: ou_a5d80436d8a253e8e0140c46758dedb7)

#### Key Results:
1. 主动建联50人，门店路演..."
yanan.tao,2025 年 7 月,50,人,"### 多建联多建信:
当月新增建联≥700人,总建联人数≥800
- **Progress:** 0%
- **Score:** 0

#### Key Results:
1. 月度新增建联>700人(其中主动建联≥550人,门店路演建联≥50人,主动外拓异业合作等建联>100人)
    - Progress: 0%
    - Score: 0
2. 建联用户的月度建信100%覆盖,所有建联..."
zhigang.sun,2025 年 7 月,50,人,"### 1. Fellow 个人 VAU
V1(多卖车多赚钱):完成月度车辆销售交付≥3辆(挑战目标4辆),总利润贡献≥2万

元(或者:总亏损≤1万元)。

A1:完成试驾≥0个(上月为0%)。月度新增机会>0个(上月为0%),合计个人机会池≥0个(上月为0%),机会到试驾的转化率≥0%(上月为0%)。

A2:月度锁单目标≥3辆(上月为0%),试驾到锁单的转化率≥10%(上月为0%)。

A3..."
zhigang.sun,2025 年 7 月,50,人,"### 1. Fellow 个人 VAU
V1(多卖车多赚钱):完成月度车辆销售交付≥3辆(挑战目标4辆),总利润贡献≥2万

元(或者:总亏损≤1万元)。

A1:完成试驾≥0个(上月为0%)。月度新增机会>0个(上月为0%),合计个人机会池≥0个(上月为0%),机会到试驾的转化率≥0%(上月为0%)。

A2:月度锁单目标≥3辆(上月为0%),试驾到锁单的转化率≥10%(上月为0%)。

A3..."
yilin.chen5,2025 年 7 月,50,人,"### 多建联多建信:当月新增建联≥50人,总建联人数≥60人,并持续建信
- **Progress:** 0%
- **Score:** 0

#### Key Results:
1. 月度新增建联>60人(其中主动建联≥20人,门店路演建联≥30人，市场活动≥10人)
    - Progress: 0%
    - Score: 0
2. 建联用户的月度建信100%覆盖,所有建联用户月均建信..."
yilin.chen5,2025 年 7 月,50,人,"### 多建联多建信:当月新增建联≥50人,总建联人数≥60人,并持续建信
- **Progress:** 0%
- **Score:** 0

#### Key Results:
1. 月度新增建联>60人(其中主动建联≥20人,门店路演建联≥30人，市场活动≥10人)
    - Progress: 0%
    - Score: 0
2. 建联用户的月度建信100%覆盖,所有建联用户月均建信..."
cindy.song,2025 年 7 月,50,人,"### 当月新增建联50人，并持续建信
- **Progress:** 0%
- **Score:** 0

#### Key Results:
1. 门店路演建联33人（周中1个，周末1.5个）
    - Progress: 0%
    - Score: 0
2. 主动建联16人
    - Progress: 0%
    - Score: 0

---"
cindy.song,2025 年 7 月,50,人,"### 当月新增建联50人，并持续建信
- **Progress:** 0%
- **Score:** 0

#### Key Results:
1. 门店路演建联33人（周中1个，周末1.5个）
    - Progress: 0%
    - Score: 0
2. 主动建联16人
    - Progress: 0%
    - Score: 0

---"
cindy.song,2025 年 7 月,50,人,"### 当月新增建联50人，并持续建信
- **Progress:** 0%
- **Score:** 0

#### Key Results:
1. 门店路演建联33人（周中1个，周末1.5个）
    - Progress: 0%
    - Score: 0
2. 主动建联16人
    - Progress: 0%
    - Score: 0

---"
cindy.song,2025 年 7 月,50,人,"### 当月新增建联50人，并持续建信
- **Progress:** 0%
- **Score:** 0

#### Key Results:
1. 门店路演建联33人（周中1个，周末1.5个）
    - Progress: 0%
    - Score: 0
2. 主动建联16人
    - Progress: 0%
    - Score: 0

---"
junwei.lin,2025 年 7 月,50,人,"### 主动建联50组
- **Progress:** 0%
- **Score:** 0
- **Aligned by:**
    - 目标: 7516653428652244993, Owner: gabor.zhan (open_id: ou_b8cbc97aea607f8b278aab04fe1e8511)

#### Key Results:
1. 外出拜访地产车行的朋友前同事
   ..."
junwei.lin,2025 年 7 月,50,人,"### 主动建联50组
- **Progress:** 0%
- **Score:** 0
- **Aligned by:**
    - 目标: 7516653428652244993, Owner: gabor.zhan (open_id: ou_b8cbc97aea607f8b278aab04fe1e8511)

#### Key Results:
1. 外出拜访地产车行的朋友前同事
   ..."
shuo.qiu,2025 年 7 月,50,人,"### (多建联多建信):当月新增建联≥60人,总建联人数≥50人,并持续建信。
- **Progress:** 0%
- **Score:** 0

#### Key Results:
1. 月度新增建联>50人(其中主动建联≥15人,门店路演建联10人,小红书等其他线上渠道建联20人。)
    - Progress: 0%
    - Score: 0
2. 建联用户的月度建信100%覆盖,..."
shuo.qiu,2025 年 7 月,50,人,"### (多建联多建信):当月新增建联≥60人,总建联人数≥50人,并持续建信。
- **Progress:** 0%
- **Score:** 0

#### Key Results:
1. 月度新增建联>50人(其中主动建联≥15人,门店路演建联10人,小红书等其他线上渠道建联20人。)
    - Progress: 0%
    - Score: 0
2. 建联用户的月度建信100%覆盖,..."
sanjiu.liu,2025 年 7 月,50,人,"### 七月完成锁单L60两台 交付两台
完成试驾20组 ，新增主动建联50
完成L90小定三台
- **Progress:** 0%
- **Score:** 0
- **Aligned by:**
    - 目标: 7516653430187753474, Owner: junrui.liu (open_id: ou_b09aa1222536037204ab232121f3b4a7)

--..."
zhen.yao2,2025 年 7 月,50,人,"### 多建联多建信:
当月新增建联≥250人,总建联人数≥300人,并持续建信。
A1:月度新增建联>250人(其中主动建联≥150人,门店路演建联≥50人,主动外拓异业合作等建联>50人) A2:建联用户的月度建信100%覆盖,所有建联用户月
ang C
均建信次数>3次
A3:主动面对面拜访10个已建联无明确购车需求用户(包括合作伙伴、颜蔚来或乐道的老用户,等),新增 5-10个蔚来老用户的..."
zhen.yao2,2025 年 7 月,50,人,"### 多建联多建信:
当月新增建联≥250人,总建联人数≥300人,并持续建信。
A1:月度新增建联>250人(其中主动建联≥150人,门店路演建联≥50人,主动外拓异业合作等建联>50人) A2:建联用户的月度建信100%覆盖,所有建联用户月
ang C
均建信次数>3次
A3:主动面对面拜访10个已建联无明确购车需求用户(包括合作伙伴、颜蔚来或乐道的老用户,等),新增 5-10个蔚来老用户的..."
xucan.ye,2025 年 7 月,50,人,"### 建联50个用户、试驾15、建信每日20+
- **Progress:** 0%
- **Score:** 0

#### Key Results:
1. 学习建信建联方法，及时完成领导给的任务
    - Progress: 0%
    - Score: 0
2. 明确执行自己每天的数据
1.电话量50+
2.试驾2+
3.高质量用户沟通
    - Progress: 0%
    -..."
xucan.ye,2025 年 7 月,50,人,"### 建联50个用户、试驾15、建信每日20+
- **Progress:** 0%
- **Score:** 0

#### Key Results:
1. 学习建信建联方法，及时完成领导给的任务
    - Progress: 0%
    - Score: 0
2. 明确执行自己每天的数据
1.电话量50+
2.试驾2+
3.高质量用户沟通
    - Progress: 0%
    -..."
ziwei.liu7,2025 年 7 月,50,人,"### 多建联多建信，月度新增建联数≥200人，月度新增建信≥1000
- **Progress:** 0%
- **Score:** 0
- **Aligned by:**
    - 目标: 7516653426726617116, Owner: lichun.wu (open_id: ou_2ae0a473d9972d82acaff995b1d763fa)

#### Key Results..."
kennys.shen,2025 年 7 月,45,人,"### 多建联多建信：月度新增建联≥95 人，并持续建信。
- **Progress:** 0%
- **Score:** 0
- **Aligned by:**
    - 目标: 7516570272549879811, Owner: jiemin.zhou (open_id: ou_939322f894b92ea23d51ec23762b7106)

#### Key Results:
1...."
kennys.shen,2025 年 7 月,45,人,"### 多建联多建信：月度新增建联≥95 人，并持续建信。
- **Progress:** 0%
- **Score:** 0
- **Aligned by:**
    - 目标: 7516570272549879811, Owner: jiemin.zhou (open_id: ou_939322f894b92ea23d51ec23762b7106)

#### Key Results:
1...."
kennys.shen,2025 年 7 月,45,人,"### 多建联多建信：月度新增建联≥95 人，并持续建信。
- **Progress:** 0%
- **Score:** 0
- **Aligned by:**
    - 目标: 7516570272549879811, Owner: jiemin.zhou (open_id: ou_939322f894b92ea23d51ec23762b7106)

#### Key Results:
1...."
kennys.shen,2025 年 7 月,45,人,"### 多建联多建信：月度新增建联≥95 人，并持续建信。
- **Progress:** 0%
- **Score:** 0
- **Aligned by:**
    - 目标: 7516570272549879811, Owner: jiemin.zhou (open_id: ou_939322f894b92ea23d51ec23762b7106)

#### Key Results:
1...."
liyuan.bao,2025 年 7 月,45,人,"### 多建联多建信：月度新增建联≥95 人，并持续建信。
- **Progress:** 0%
- **Score:** 0
- **Aligned by:**
    - 目标: 7516570272549879811, Owner: jiemin.zhou (open_id: ou_939322f894b92ea23d51ec23762b7106)

#### Key Results:
1...."
liyuan.bao,2025 年 7 月,45,人,"### 多建联多建信：月度新增建联≥95 人，并持续建信。
- **Progress:** 0%
- **Score:** 0
- **Aligned by:**
    - 目标: 7516570272549879811, Owner: jiemin.zhou (open_id: ou_939322f894b92ea23d51ec23762b7106)

#### Key Results:
1...."
liyuan.bao,2025 年 7 月,45,人,"### 多建联多建信：月度新增建联≥95 人，并持续建信。
- **Progress:** 0%
- **Score:** 0
- **Aligned by:**
    - 目标: 7516570272549879811, Owner: jiemin.zhou (open_id: ou_939322f894b92ea23d51ec23762b7106)

#### Key Results:
1...."
liyuan.bao,2025 年 7 月,45,人,"### 多建联多建信：月度新增建联≥95 人，并持续建信。
- **Progress:** 0%
- **Score:** 0
- **Aligned by:**
    - 目标: 7516570272549879811, Owner: jiemin.zhou (open_id: ou_939322f894b92ea23d51ec23762b7106)

#### Key Results:
1...."
jimmy.ye,2025 年 7 月,40,人,"### 多打电话多去主动建联，并保持持续建信
- **Progress:** 0%
- **Score:** 0
- **Aligned by:**
    - 目标: 7516653430569517084, Owner: austin.shen (open_id: ou_b398e4739481c6ea61a66e5f39d19050)
    - 目标: 751665343056951708..."
yu.xue,2025 年 7 月,40,人,"### 当月建联140人，每周建联35人
- **Progress:** 0%
- **Score:** 0

#### Key Results:
1. 建联用户的月度建信100%覆盖。当月建联用户月度建信次数至少两次。
    - Progress: 0%
    - Score: 0
2. 月度主动建联40个，每周10个。
    - Progress: 0%
    - Score: 0

..."
yu.xue,2025 年 7 月,40,人,"### 当月建联140人，每周建联35人
- **Progress:** 0%
- **Score:** 0

#### Key Results:
1. 建联用户的月度建信100%覆盖。当月建联用户月度建信次数至少两次。
    - Progress: 0%
    - Score: 0
2. 月度主动建联40个，每周10个。
    - Progress: 0%
    - Score: 0

..."
david.sun1,2025 年 7 月,40,人,"### 多建联多建信)：新增建联8人/天，并持续建信
- **Progress:** 0%
- **Score:** 0
- **Aligned by:**
    - 目标: 7516653404204597250, Owner: shuaijie.xu (open_id: ou_1af28bd84fb5bcccdc24c19f3b6ee707)
    - 目标: 75166534042045..."
jiawen.wu2,2025 年 7 月,40,人,"### 多建联多建信:月度建联总量大于等于150人，
新增建联≥120人
- **Progress:** 0%
- **Score:** 0
- **Aligned by:**
    - 目标: 7516653426836832258, Owner: mengting.xie (open_id: ou_39090c7e5748582791cd6095f6ce6baa)

#### Key Res..."
dan.liu4,2025 年 7 月,40,人,"### (多建联多建信):当月新增建联≥80人，总建联人数≥100人，并持续建信。
A1:月度新增建联≥80人(其中主动建联≥40人，门店路演建联≥40人。
 A2:建联用户的月度建信100%覆盖，所有建联用户月均建信次数≥3次
A3:主动面对面拜访5个已建联无明确购车需求用户(包括合作伙伴、蔚来或乐道的老用户，等)，新增10个蔚来老用户的的L60种草试驾。
A4:在社媒(含朋友圈、视频号、小红书..."
dan.liu4,2025 年 7 月,40,人,"### (多建联多建信):当月新增建联≥80人，总建联人数≥100人，并持续建信。
A1:月度新增建联≥80人(其中主动建联≥40人，门店路演建联≥40人。
 A2:建联用户的月度建信100%覆盖，所有建联用户月均建信次数≥3次
A3:主动面对面拜访5个已建联无明确购车需求用户(包括合作伙伴、蔚来或乐道的老用户，等)，新增10个蔚来老用户的的L60种草试驾。
A4:在社媒(含朋友圈、视频号、小红书..."
fangzheng.luo,2025 年 7 月,40,人,"### V2 (多建联多建信):当月新增建联≥40人，总建联人数60人，并持续建信。
- **Progress:** 0%
- **Score:** 0

#### Key Results:
1. 月度新增建联30人(其中主动建联20人，门店路演建联10人
    - Progress: 0%
    - Score: 0
2. A2:建联用户的月度建信100%覆盖，所有建联用户月均建信次数≥3次..."
fangzheng.luo,2025 年 7 月,40,人,"### V2 (多建联多建信):当月新增建联≥40人，总建联人数60人，并持续建信。
- **Progress:** 0%
- **Score:** 0

#### Key Results:
1. 月度新增建联30人(其中主动建联20人，门店路演建联10人
    - Progress: 0%
    - Score: 0
2. A2:建联用户的月度建信100%覆盖，所有建联用户月均建信次数≥3次..."
kk.zhou2,2025 年 7 月,40,人,"### V2（多建联多建信）：当月新增建联 ≥100人，总建联人数 ≥ 160 人，并持续建信。
- **Progress:** 0%
- **Score:** 0

#### Key Results:
1. A1：月度新增建联 ≥ 100人（其中主动建联 ≥ 30人，门店路演建联 ≥ 30人，小红书抖音平台建联≥40
    - Progress: 0%
    - Score: 0
2. A2..."
botao.kan,2025 年 7 月,40,人,"### (多建联多建信):当月新增建联≥60人,总建联人数≥67人,并持续建信。
- **Progress:** 0%
- **Score:** 0

#### Key Results:
1. 月度新增建联>60人(其中主动建联≥40人,门店路演建联>20人。
    - Progress: 0%
    - Score: 0
2. 建联用户的月度建信70%覆盖,所有建联用户月均建信次数≥3次
 ..."
jiajun.wang6,2025 年 7 月,40,人,"### 多建联多建信：新增建联2人/天，并持续建信。
- **Progress:** 0%
- **Score:** 0
- **Aligned by:**
    - 目标: 7516653430569517084, Owner: austin.shen (open_id: ou_b398e4739481c6ea61a66e5f39d19050)

#### Key Results:
1. 月度..."
kitty.yu,2025 年 7 月,40,人,"### 本月建联达到70个，建信达到15个
- **Progress:** 0%
- **Score:** 0

#### Key Results:
1. 线上通过小红书或抖音发布产品内容形成线索15个，线下门店建信建联30个，打call完成建信建联40个
    - Progress: 0%
    - Score: 0

---"
kitty.yu,2025 年 7 月,40,人,"### 本月建联达到70个，建信达到15个
- **Progress:** 0%
- **Score:** 0

#### Key Results:
1. 线上通过小红书或抖音发布产品内容形成线索15个，线下门店建信建联30个，打call完成建信建联40个
    - Progress: 0%
    - Score: 0

---"
mingjun.yan,2025 年 7 月,40,人,"### 目标：卖一辆L60
- **Progress:** 0%
- **Score:** 0
- **Aligned by:**
    - 目标: 7516653428641431580, Owner: jingyao.qi (open_id: ou_372f0285fbdca2702903375c815d1b69)

#### Key Results:
1. 主动建联40➕ 有效客户15➕
..."
jia.liu14,2025 年 7 月,40,人,"### 当月完成40个新增建联，试驾25个，当月破蛋
当日目标2个新增建联，1个邀约试驾，企业微信互动10
- **Progress:** 0%
- **Score:** 0

#### Key Results:
1. 月度完成试驾≥20个；月度新增建联>40个，机会到试驾的转化率≥50%
当班每日严闭环2新增建联+1试驾+1排程+企微互动10，完成基础工作达成
    - Progress: 0..."
jia.liu14,2025 年 7 月,40,人,"### 当月完成40个新增建联，试驾25个，当月破蛋
当日目标2个新增建联，1个邀约试驾，企业微信互动10
- **Progress:** 0%
- **Score:** 0

#### Key Results:
1. 月度完成试驾≥20个；月度新增建联>40个，机会到试驾的转化率≥50%
当班每日严闭环2新增建联+1试驾+1排程+企微互动10，完成基础工作达成
    - Progress: 0..."
zhiming.lu,2025 年 7 月,40,人,"### 要卖5台车
- **Progress:** 0%
- **Score:** 0

#### Key Results:
1. 建联40组
    - Progress: 0%
    - Score: 0
2. 本月完成试驾30组，通过主动建联主动邀请门店用户，以及线上涟漪用户
    - Progress: 0%
    - Score: 0
3. 每周产出1个半重要客户，从主动建联和已试..."
zhiming.lu,2025 年 7 月,40,人,"### 要卖5台车
- **Progress:** 0%
- **Score:** 0

#### Key Results:
1. 建联40组
    - Progress: 0%
    - Score: 0
2. 本月完成试驾30组，通过主动建联主动邀请门店用户，以及线上涟漪用户
    - Progress: 0%
    - Score: 0
3. 每周产出1个半重要客户，从主动建联和已试..."
yu.xue,2025 年 7 月,35,人,"### 当月建联140人，每周建联35人
- **Progress:** 0%
- **Score:** 0

#### Key Results:
1. 建联用户的月度建信100%覆盖。当月建联用户月度建信次数至少两次。
    - Progress: 0%
    - Score: 0
2. 月度主动建联40个，每周10个。
    - Progress: 0%
    - Score: 0

..."
yu.xue,2025 年 7 月,35,人,"### 当月建联140人，每周建联35人
- **Progress:** 0%
- **Score:** 0

#### Key Results:
1. 建联用户的月度建信100%覆盖。当月建联用户月度建信次数至少两次。
    - Progress: 0%
    - Score: 0
2. 月度主动建联40个，每周10个。
    - Progress: 0%
    - Score: 0

..."
cindy.song,2025 年 7 月,33,人,"### 当月新增建联50人，并持续建信
- **Progress:** 0%
- **Score:** 0

#### Key Results:
1. 门店路演建联33人（周中1个，周末1.5个）
    - Progress: 0%
    - Score: 0
2. 主动建联16人
    - Progress: 0%
    - Score: 0

---"
cindy.song,2025 年 7 月,33,人,"### 当月新增建联50人，并持续建信
- **Progress:** 0%
- **Score:** 0

#### Key Results:
1. 门店路演建联33人（周中1个，周末1.5个）
    - Progress: 0%
    - Score: 0
2. 主动建联16人
    - Progress: 0%
    - Score: 0

---"
junwei.lin,2025 年 7 月,32,人,"### 建联目标125，试驾50，交付3.
- **Progress:** 0%
- **Score:** 0
- **Aligned by:**
    - 目标: 7516653428652244993, Owner: gabor.zhan (open_id: ou_b8cbc97aea607f8b278aab04fe1e8511)

#### Key Results:
1. 每周建联32组，..."
junwei.lin,2025 年 7 月,32,人,"### 建联目标125，试驾50，交付3.
- **Progress:** 0%
- **Score:** 0
- **Aligned by:**
    - 目标: 7516653428652244993, Owner: gabor.zhan (open_id: ou_b8cbc97aea607f8b278aab04fe1e8511)

#### Key Results:
1. 每周建联32组，..."
xiping.ceng,2025 年 7 月,30,人,"### 两周完成六方位绕车讲解、三周完成试驾考核。
- **Progress:** 0%
- **Score:** 0
- **Aligned by:**
    - 目标: 7516653429546663964, Owner: emile.liang (open_id: ou_1a6ebcac056b74269701f02b0dd050b8)

#### Key Results:
1. 月度新..."
xiping.ceng,2025 年 7 月,30,人,"### 两周完成六方位绕车讲解、三周完成试驾考核。
- **Progress:** 0%
- **Score:** 0
- **Aligned by:**
    - 目标: 7516653429546663964, Owner: emile.liang (open_id: ou_1a6ebcac056b74269701f02b0dd050b8)

#### Key Results:
1. 月度新..."
landon.zhu,2025 年 7 月,30,人,"### 每周试驾5个，建联30个用户
- **Progress:** 0%
- **Score:** 0

#### Key Results:
1. 每日通过门店接待以及电话搜寻用户
    - Progress: 0%
    - Score: 0

---"
landon.zhu,2025 年 7 月,30,人,"### 每周试驾5个，建联30个用户
- **Progress:** 0%
- **Score:** 0

#### Key Results:
1. 每日通过门店接待以及电话搜寻用户
    - Progress: 0%
    - Score: 0

---"
yilin.chen5,2025 年 7 月,30,人,"### 多建联多建信:当月新增建联≥50人,总建联人数≥60人,并持续建信
- **Progress:** 0%
- **Score:** 0

#### Key Results:
1. 月度新增建联>60人(其中主动建联≥20人,门店路演建联≥30人，市场活动≥10人)
    - Progress: 0%
    - Score: 0
2. 建联用户的月度建信100%覆盖,所有建联用户月均建信..."
cheng.liu7,2025 年 7 月,30,人,"### V1：门店交付2台达成盈亏平衡
- **Progress:** 0%
- **Score:** 0
- **Aligned by:**
    - 目标: 7516653427935543324, Owner: mingjun.zhong2 (open_id: ou_3f0897e30e09d4b7162d65b4277c44fc)

#### Key Results:
1. A1：建联2..."
cheng.liu7,2025 年 7 月,30,人,"### V1：门店交付2台达成盈亏平衡
- **Progress:** 0%
- **Score:** 0
- **Aligned by:**
    - 目标: 7516653427935543324, Owner: mingjun.zhong2 (open_id: ou_3f0897e30e09d4b7162d65b4277c44fc)

#### Key Results:
1. A1：建联2..."
fangzheng.luo,2025 年 7 月,30,人,"### V2 (多建联多建信):当月新增建联≥40人，总建联人数60人，并持续建信。
- **Progress:** 0%
- **Score:** 0

#### Key Results:
1. 月度新增建联30人(其中主动建联20人，门店路演建联10人
    - Progress: 0%
    - Score: 0
2. A2:建联用户的月度建信100%覆盖，所有建联用户月均建信次数≥3次..."
fangzheng.luo,2025 年 7 月,30,人,"### V2 (多建联多建信):当月新增建联≥40人，总建联人数60人，并持续建信。
- **Progress:** 0%
- **Score:** 0

#### Key Results:
1. 月度新增建联30人(其中主动建联20人，门店路演建联10人
    - Progress: 0%
    - Score: 0
2. A2:建联用户的月度建信100%覆盖，所有建联用户月均建信次数≥3次..."
fangzheng.luo,2025 年 7 月,30,人,"### V2 (多建联多建信):当月新增建联≥40人，总建联人数60人，并持续建信。
- **Progress:** 0%
- **Score:** 0

#### Key Results:
1. 月度新增建联30人(其中主动建联20人，门店路演建联10人
    - Progress: 0%
    - Score: 0
2. A2:建联用户的月度建信100%覆盖，所有建联用户月均建信次数≥3次..."
fangzheng.luo,2025 年 7 月,30,人,"### V2 (多建联多建信):当月新增建联≥40人，总建联人数60人，并持续建信。
- **Progress:** 0%
- **Score:** 0

#### Key Results:
1. 月度新增建联30人(其中主动建联20人，门店路演建联10人
    - Progress: 0%
    - Score: 0
2. A2:建联用户的月度建信100%覆盖，所有建联用户月均建信次数≥3次..."
xushen.huang,2025 年 7 月,30,人,"### V1：门店交付2台达成盈亏平衡
- **Progress:** 0%
- **Score:** 0
- **Aligned by:**
    - 目标: 7516653427935543324, Owner: mingjun.zhong2 (open_id: ou_3f0897e30e09d4b7162d65b4277c44fc)

#### Key Results:
1. A1：建联2..."
xushen.huang,2025 年 7 月,30,人,"### V1：门店交付2台达成盈亏平衡
- **Progress:** 0%
- **Score:** 0
- **Aligned by:**
    - 目标: 7516653427935543324, Owner: mingjun.zhong2 (open_id: ou_3f0897e30e09d4b7162d65b4277c44fc)

#### Key Results:
1. A1：建联2..."
kitty.yu,2025 年 7 月,30,人,"### 本月建联达到70个，建信达到15个
- **Progress:** 0%
- **Score:** 0

#### Key Results:
1. 线上通过小红书或抖音发布产品内容形成线索15个，线下门店建信建联30个，打call完成建信建联40个
    - Progress: 0%
    - Score: 0

---"
kitty.yu,2025 年 7 月,30,人,"### 本月建联达到70个，建信达到15个
- **Progress:** 0%
- **Score:** 0

#### Key Results:
1. 线上通过小红书或抖音发布产品内容形成线索15个，线下门店建信建联30个，打call完成建信建联40个
    - Progress: 0%
    - Score: 0

---"
michael.wu5,2025 年 7 月,30,人,"### 当月新增建联≥90人,总建联人数≥30人,并持续建信。
- **Progress:** 0%
- **Score:** 0
- **Aligned by:**
    - 目标: 7516653426836799490, Owner: jay.zhao2 (open_id: ou_c550734838753c1d79cfcfdb131fb247)

#### Key Results:
1...."
michael.wu5,2025 年 7 月,30,人,"### 当月新增建联≥90人,总建联人数≥30人,并持续建信。
- **Progress:** 0%
- **Score:** 0
- **Aligned by:**
    - 目标: 7516653426836799490, Owner: jay.zhao2 (open_id: ou_c550734838753c1d79cfcfdb131fb247)

#### Key Results:
1...."
zhuqiang.chen,2025 年 7 月,30,人,"### （多建联多建信）：月度个人新增建联>30组
- **Progress:** 0%
- **Score:** 0

#### Key Results:
1. 月度个人新增建联>30组
    - Progress: 0%
    - Score: 0
2. 开口获取新增建联目标，每日线索2-3个，企微通过率80%
    - Progress: 0%
    - Score: 0
3. 在社..."
zhuqiang.chen,2025 年 7 月,30,人,"### （多建联多建信）：月度个人新增建联>30组
- **Progress:** 0%
- **Score:** 0

#### Key Results:
1. 月度个人新增建联>30组
    - Progress: 0%
    - Score: 0
2. 开口获取新增建联目标，每日线索2-3个，企微通过率80%
    - Progress: 0%
    - Score: 0
3. 在社..."
zhuqiang.chen,2025 年 7 月,30,人,"### （多建联多建信）：月度个人新增建联>30组
- **Progress:** 0%
- **Score:** 0

#### Key Results:
1. 月度个人新增建联>30组
    - Progress: 0%
    - Score: 0
2. 开口获取新增建联目标，每日线索2-3个，企微通过率80%
    - Progress: 0%
    - Score: 0
3. 在社..."
zhuqiang.chen,2025 年 7 月,30,人,"### （多建联多建信）：月度个人新增建联>30组
- **Progress:** 0%
- **Score:** 0

#### Key Results:
1. 月度个人新增建联>30组
    - Progress: 0%
    - Score: 0
2. 开口获取新增建联目标，每日线索2-3个，企微通过率80%
    - Progress: 0%
    - Score: 0
3. 在社..."
kennys.shen,2025 年 7 月,25,人,"### 多建联多建信：月度新增建联≥95 人，并持续建信。
- **Progress:** 0%
- **Score:** 0
- **Aligned by:**
    - 目标: 7516570272549879811, Owner: jiemin.zhou (open_id: ou_939322f894b92ea23d51ec23762b7106)

#### Key Results:
1...."
kennys.shen,2025 年 7 月,25,人,"### 多建联多建信：月度新增建联≥95 人，并持续建信。
- **Progress:** 0%
- **Score:** 0
- **Aligned by:**
    - 目标: 7516570272549879811, Owner: jiemin.zhou (open_id: ou_939322f894b92ea23d51ec23762b7106)

#### Key Results:
1...."
liyuan.bao,2025 年 7 月,25,人,"### 多建联多建信：月度新增建联≥95 人，并持续建信。
- **Progress:** 0%
- **Score:** 0
- **Aligned by:**
    - 目标: 7516570272549879811, Owner: jiemin.zhou (open_id: ou_939322f894b92ea23d51ec23762b7106)

#### Key Results:
1...."
liyuan.bao,2025 年 7 月,25,人,"### 多建联多建信：月度新增建联≥95 人，并持续建信。
- **Progress:** 0%
- **Score:** 0
- **Aligned by:**
    - 目标: 7516570272549879811, Owner: jiemin.zhou (open_id: ou_939322f894b92ea23d51ec23762b7106)

#### Key Results:
1...."
nancy.xia,2025 年 7 月,25,人,"### 月度建联190，主动精准建联25，试驾42 月度建信率100%
- **Progress:** 0%
- **Score:** 0
- **Aligned by:**
    - 目标: 7516653427935789084, Owner: kun.xiong2 (open_id: ou_da69278049ad19e62f2e7c5512cb5396)

#### Key Result..."
xiping.ceng,2025 年 7 月,20,人,"### 两周完成六方位绕车讲解、三周完成试驾考核。
- **Progress:** 0%
- **Score:** 0
- **Aligned by:**
    - 目标: 7516653429546663964, Owner: emile.liang (open_id: ou_1a6ebcac056b74269701f02b0dd050b8)

#### Key Results:
1. 月度新..."
xinhan.zhang2,2025 年 7 月,20,人,"### （多建联多建信）：单日建联≥1组/人/天，并持续建信
- **Progress:** 0%
- **Score:** 0
- **Aligned by:**
    - 目标: 7516649263771418625, Owner: long.wu2 (open_id: ou_7d19ec0a06c0997379906afda78c3142)

#### Key Results:
1. 月..."
xinhan.zhang2,2025 年 7 月,20,人,"### （多建联多建信）：单日建联≥1组/人/天，并持续建信
- **Progress:** 0%
- **Score:** 0
- **Aligned by:**
    - 目标: 7516649263771418625, Owner: long.wu2 (open_id: ou_7d19ec0a06c0997379906afda78c3142)

#### Key Results:
1. 月..."
micheal.chen,2025 年 7 月,20,人,"### (多建联多建信):人均新增建联≥3，并持续建信
- **Progress:** 0%
- **Score:** 0
- **Aligned by:**
    - 目标: 7516653427688947713, Owner: vic.he1 (open_id: ou_1f8dd56cb4fbeeaa9aaa85f367f8853e)

#### Key Results:
1. 月度总新增..."
yilin.chen5,2025 年 7 月,20,人,"### 多建联多建信:当月新增建联≥50人,总建联人数≥60人,并持续建信
- **Progress:** 0%
- **Score:** 0

#### Key Results:
1. 月度新增建联>60人(其中主动建联≥20人,门店路演建联≥30人，市场活动≥10人)
    - Progress: 0%
    - Score: 0
2. 建联用户的月度建信100%覆盖,所有建联用户月均建信..."
shuo.qiu,2025 年 7 月,20,人,"### (多建联多建信):当月新增建联≥60人,总建联人数≥50人,并持续建信。
- **Progress:** 0%
- **Score:** 0

#### Key Results:
1. 月度新增建联>50人(其中主动建联≥15人,门店路演建联10人,小红书等其他线上渠道建联20人。)
    - Progress: 0%
    - Score: 0
2. 建联用户的月度建信100%覆盖,..."
shuo.qiu,2025 年 7 月,20,人,"### (多建联多建信):当月新增建联≥60人,总建联人数≥50人,并持续建信。
- **Progress:** 0%
- **Score:** 0

#### Key Results:
1. 月度新增建联>50人(其中主动建联≥15人,门店路演建联10人,小红书等其他线上渠道建联20人。)
    - Progress: 0%
    - Score: 0
2. 建联用户的月度建信100%覆盖,..."
fangzheng.luo,2025 年 7 月,20,人,"### V2 (多建联多建信):当月新增建联≥40人，总建联人数60人，并持续建信。
- **Progress:** 0%
- **Score:** 0

#### Key Results:
1. 月度新增建联30人(其中主动建联20人，门店路演建联10人
    - Progress: 0%
    - Score: 0
2. A2:建联用户的月度建信100%覆盖，所有建联用户月均建信次数≥3次..."
fangzheng.luo,2025 年 7 月,20,人,"### V2 (多建联多建信):当月新增建联≥40人，总建联人数60人，并持续建信。
- **Progress:** 0%
- **Score:** 0

#### Key Results:
1. 月度新增建联30人(其中主动建联20人，门店路演建联10人
    - Progress: 0%
    - Score: 0
2. A2:建联用户的月度建信100%覆盖，所有建联用户月均建信次数≥3次..."
wujun.ren,2025 年 7 月,20,人,"### （多建联多建信）：单日建联≥4组/人/天，并持续建信
- **Progress:** 0%
- **Score:** 0
- **Aligned by:**
    - 目标: 7516651185101783068, Owner: freda.chang (open_id: ou_5881ab3db20d6a8b900cf7c9ba356fc4)
    - 目标: 7516653430..."
botao.kan,2025 年 7 月,20,人,"### (多建联多建信):当月新增建联≥60人,总建联人数≥67人,并持续建信。
- **Progress:** 0%
- **Score:** 0

#### Key Results:
1. 月度新增建联>60人(其中主动建联≥40人,门店路演建联>20人。
    - Progress: 0%
    - Score: 0
2. 建联用户的月度建信70%覆盖,所有建联用户月均建信次数≥3次
 ..."
xu.han9,2025 年 7 月,20,人,"### 新增建联≥3个/天，并持续建信。
- **Progress:** 0%
- **Score:** 0
- **Aligned by:**
    - 目标: 7516653427688947713, Owner: vic.he1 (open_id: ou_1f8dd56cb4fbeeaa9aaa85f367f8853e)

#### Key Results:
1. 月度新增建联≥80人(其..."
michael.wu5,2025 年 7 月,20,人,"### 当月新增建联≥90人,总建联人数≥30人,并持续建信。
- **Progress:** 0%
- **Score:** 0
- **Aligned by:**
    - 目标: 7516653426836799490, Owner: jay.zhao2 (open_id: ou_c550734838753c1d79cfcfdb131fb247)

#### Key Results:
1...."
zian.xie,2025 年 7 月,20,人,"### v2 当月新增建联>150人 总建联>150人
- **Progress:** 0%
- **Score:** 0

#### Key Results:
1. a1 月度新增建联>150人 主动建联>20
    - Progress: 0%
    - Score: 0
2. a2 建联用户建信100% 所有月建联用户建信次数>3次
    - Progress: 0%
    - Sc..."
zhilin.jiao,2025 年 7 月,18,人,"### 本月建信建联190个
- **Progress:** 0%
- **Score:** 0

#### Key Results:
1. 每周建联建信大于43，本月最后半周建信建联主动建联18个，每周主动建联大于6个，最后半周主动建联大于1个，去确保试驾数量完成
    - Progress: 0%
    - Score: 0

---"
zhilin.jiao,2025 年 7 月,18,人,"### 本月建信建联190个
- **Progress:** 0%
- **Score:** 0

#### Key Results:
1. 每周建联建信大于43，本月最后半周建信建联主动建联18个，每周主动建联大于6个，最后半周主动建联大于1个，去确保试驾数量完成
    - Progress: 0%
    - Score: 0

---"
cindy.song,2025 年 7 月,16,人,"### 当月新增建联50人，并持续建信
- **Progress:** 0%
- **Score:** 0

#### Key Results:
1. 门店路演建联33人（周中1个，周末1.5个）
    - Progress: 0%
    - Score: 0
2. 主动建联16人
    - Progress: 0%
    - Score: 0

---"
cindy.song,2025 年 7 月,16,人,"### 当月新增建联50人，并持续建信
- **Progress:** 0%
- **Score:** 0

#### Key Results:
1. 门店路演建联33人（周中1个，周末1.5个）
    - Progress: 0%
    - Score: 0
2. 主动建联16人
    - Progress: 0%
    - Score: 0

---"
tian.gu,2025 年 7 月,15,人,"### 7月完成个人销售L60目标3台L90意向金10台
- **Progress:** 0%
- **Score:** 0
- **Aligned by:**
    - 目标: 7516653428668432386, Owner: xunxun.lou (open_id: ou_93f15ffd26366da4b18938e046fe1e51)
    - 目标: 7516653428668..."
shuo.qiu,2025 年 7 月,15,人,"### (多建联多建信):当月新增建联≥60人,总建联人数≥50人,并持续建信。
- **Progress:** 0%
- **Score:** 0

#### Key Results:
1. 月度新增建联>50人(其中主动建联≥15人,门店路演建联10人,小红书等其他线上渠道建联20人。)
    - Progress: 0%
    - Score: 0
2. 建联用户的月度建信100%覆盖,..."
yunbilige.wu,2025 年 7 月,15,人,"### 个人目标
- **Progress:** 0%
- **Score:** 0
- **Aligned by:**
    - 目标: 7516653404203352066, Owner: yuezhong.zheng (open_id: ou_98eeb63a9c6b5eff2010500f23b9bf2b)
    - 目标: 7516653404203352066, Owner: y..."
yunbilige.wu,2025 年 7 月,15,人,"### 个人目标
- **Progress:** 0%
- **Score:** 0
- **Aligned by:**
    - 目标: 7516653404203352066, Owner: yuezhong.zheng (open_id: ou_98eeb63a9c6b5eff2010500f23b9bf2b)
    - 目标: 7516653404203352066, Owner: y..."
jiashuo.zhang,2025 年 7 月,13,人,"### （多建联多建信）平均每日新增L60建联2-5条，L90新增建联13-15条，每日建信量50+
- **Progress:** 0%
- **Score:** 0

#### Key Results:
1. 门店接待，留资率90%
    - Progress: 0%
    - Score: 0
2. 每日小红书和朋友圈2-3条
    - Progress: 0%
    - Score..."
jiashuo.zhang,2025 年 7 月,13,人,"### （多建联多建信）平均每日新增L60建联2-5条，L90新增建联13-15条，每日建信量50+
- **Progress:** 0%
- **Score:** 0

#### Key Results:
1. 门店接待，留资率90%
    - Progress: 0%
    - Score: 0
2. 每日小红书和朋友圈2-3条
    - Progress: 0%
    - Score..."
hong.zhang19,2025 年 7 月,11,人,"### 多建联多建信，当月新增建联大于等于380 建信周度大于等于240 每日建联11组
- **Progress:** 0%
- **Score:** 0
- **Aligned by:**
    - 目标: 7516653428530053148, Owner: siyue.quan (open_id: ou_4dd03a4f2f55f67615868778cc2d52a3)

#### K..."
hong.zhang19,2025 年 7 月,11,人,"### 多建联多建信，当月新增建联大于等于380 建信周度大于等于240 每日建联11组
- **Progress:** 0%
- **Score:** 0
- **Aligned by:**
    - 目标: 7516653428530053148, Owner: siyue.quan (open_id: ou_4dd03a4f2f55f67615868778cc2d52a3)

#### K..."
tian.gu,2025 年 7 月,10,人,"### 7月完成个人销售L60目标3台L90意向金10台
- **Progress:** 0%
- **Score:** 0
- **Aligned by:**
    - 目标: 7516653428668432386, Owner: xunxun.lou (open_id: ou_93f15ffd26366da4b18938e046fe1e51)
    - 目标: 7516653428668..."
shuo.qiu,2025 年 7 月,10,人,"### (多建联多建信):当月新增建联≥60人,总建联人数≥50人,并持续建信。
- **Progress:** 0%
- **Score:** 0

#### Key Results:
1. 月度新增建联>50人(其中主动建联≥15人,门店路演建联10人,小红书等其他线上渠道建联20人。)
    - Progress: 0%
    - Score: 0
2. 建联用户的月度建信100%覆盖,..."
shuo.qiu,2025 年 7 月,10,人,"### (多建联多建信):当月新增建联≥60人,总建联人数≥50人,并持续建信。
- **Progress:** 0%
- **Score:** 0

#### Key Results:
1. 月度新增建联>50人(其中主动建联≥15人,门店路演建联10人,小红书等其他线上渠道建联20人。)
    - Progress: 0%
    - Score: 0
2. 建联用户的月度建信100%覆盖,..."
fangzheng.luo,2025 年 7 月,10,人,"### V2 (多建联多建信):当月新增建联≥40人，总建联人数60人，并持续建信。
- **Progress:** 0%
- **Score:** 0

#### Key Results:
1. 月度新增建联30人(其中主动建联20人，门店路演建联10人
    - Progress: 0%
    - Score: 0
2. A2:建联用户的月度建信100%覆盖，所有建联用户月均建信次数≥3次..."
fangzheng.luo,2025 年 7 月,10,人,"### V2 (多建联多建信):当月新增建联≥40人，总建联人数60人，并持续建信。
- **Progress:** 0%
- **Score:** 0

#### Key Results:
1. 月度新增建联30人(其中主动建联20人，门店路演建联10人
    - Progress: 0%
    - Score: 0
2. A2:建联用户的月度建信100%覆盖，所有建联用户月均建信次数≥3次..."
michael.wu5,2025 年 7 月,10,人,"### 当月新增建联≥90人,总建联人数≥30人,并持续建信。
- **Progress:** 0%
- **Score:** 0
- **Aligned by:**
    - 目标: 7516653426836799490, Owner: jay.zhao2 (open_id: ou_c550734838753c1d79cfcfdb131fb247)

#### Key Results:
1...."
hao.zhou10,2025 年 7 月,10,人,"### 完成个人目标4台。
- **Progress:** 0%
- **Score:** 0

#### Key Results:
1. 预计本周完成学院认证，正式上岗，从15号开始正式接待客户，每天建联10+。
建信预计本月6-7组
    - Progress: 0%
    - Score: 0

---"
david.sun1,2025 年 7 月,8,人,"### 多建联多建信)：新增建联8人/天，并持续建信
- **Progress:** 0%
- **Score:** 0
- **Aligned by:**
    - 目标: 7516653404204597250, Owner: shuaijie.xu (open_id: ou_1af28bd84fb5bcccdc24c19f3b6ee707)
    - 目标: 75166534042045..."
david.sun1,2025 年 7 月,8,人,"### 多建联多建信)：新增建联8人/天，并持续建信
- **Progress:** 0%
- **Score:** 0
- **Aligned by:**
    - 目标: 7516653404204597250, Owner: shuaijie.xu (open_id: ou_1af28bd84fb5bcccdc24c19f3b6ee707)
    - 目标: 75166534042045..."
david.sun1,2025 年 7 月,8,人,"### 多建联多建信)：新增建联8人/天，并持续建信
- **Progress:** 0%
- **Score:** 0
- **Aligned by:**
    - 目标: 7516653404204597250, Owner: shuaijie.xu (open_id: ou_1af28bd84fb5bcccdc24c19f3b6ee707)
    - 目标: 75166534042045..."
david.sun1,2025 年 7 月,8,人,"### 多建联多建信)：新增建联8人/天，并持续建信
- **Progress:** 0%
- **Score:** 0
- **Aligned by:**
    - 目标: 7516653404204597250, Owner: shuaijie.xu (open_id: ou_1af28bd84fb5bcccdc24c19f3b6ee707)
    - 目标: 75166534042045..."
raine.wang,2025 年 7 月,8,人,"### 均数最低标准及以上完成（总量平均值以上），持续推进建联建信转化，配合部门完成各项指标
试驾月5，日建联8+，持续与A类用户建信
配合直播规划
新媒体活跃度日均最低1条
- **Progress:** 0%
- **Score:** 0
- **Aligned by:**
    - 目标: 7516653429219033089, Owner: xinyu.wang18 (open_id:..."
bin.zhu2,2025 年 7 月,7,人,"### 1、建联量200
2、试驾目标45
- **Progress:** 0%
- **Score:** 0

#### Key Results:
1. 1、每天建联7个，先从周边朋友、前同事种草。帮忙扩大宣传。
    - Progress: 0%
    - Score: 0
2. 1、门店获客10
2、线上获客10
3、线下获客150
4、直播获客20
7、SSP10
    - Prog..."
bin.zhu2,2025 年 7 月,7,人,"### 1、建联量200
2、试驾目标45
- **Progress:** 0%
- **Score:** 0

#### Key Results:
1. 1、每天建联7个，先从周边朋友、前同事种草。帮忙扩大宣传。
    - Progress: 0%
    - Score: 0
2. 1、门店获客10
2、线上获客10
3、线下获客150
4、直播获客20
7、SSP10
    - Prog..."
yeqi.ma2,2025 年 7 月,6,人,"### 主动建联180个
- **Progress:** 0%
- **Score:** 0

#### Key Results:
1. 每天主动建联6个
    - Progress: 0%
    - Score: 0
2. 每天通话30秒30个
    - Progress: 0%
    - Score: 0

---"
yeqi.ma2,2025 年 7 月,6,人,"### 主动建联180个
- **Progress:** 0%
- **Score:** 0

#### Key Results:
1. 每天主动建联6个
    - Progress: 0%
    - Score: 0
2. 每天通话30秒30个
    - Progress: 0%
    - Score: 0

---"
daisy.ban,2025 年 7 月,5,人,"### 每天建联5人及以上，并持续建信
本月目标2台
- **Progress:** 0%
- **Score:** 0
- **Aligned by:**
    - 目标: 7516653428515061788, Owner: jiaxin.li11 (open_id: ou_b8c0e3224c802457bc46cd32b4422b31)

#### Key Results:
1. 增加..."
daisy.ban,2025 年 7 月,5,人,"### 每天建联5人及以上，并持续建信
本月目标2台
- **Progress:** 0%
- **Score:** 0
- **Aligned by:**
    - 目标: 7516653428515061788, Owner: jiaxin.li11 (open_id: ou_b8c0e3224c802457bc46cd32b4422b31)

#### Key Results:
1. 增加..."
yan.luo4,2025 年 7 月,5,人,"### 人均新增建联>5
- **Progress:** 0%
- **Score:** 0
- **Aligned by:**
    - 目标: 7516653428515061788, Owner: jiaxin.li11 (open_id: ou_b8c0e3224c802457bc46cd32b4422b31)
    - 目标: 7516653428515061788, Owner: ..."
yan.luo4,2025 年 7 月,5,人,"### 人均新增建联>5
- **Progress:** 0%
- **Score:** 0
- **Aligned by:**
    - 目标: 7516653428515061788, Owner: jiaxin.li11 (open_id: ou_b8c0e3224c802457bc46cd32b4422b31)
    - 目标: 7516653428515061788, Owner: ..."
linkk.wang,2025 年 7 月,5,人,"### 每天建联5组，主动建联2组
- **Progress:** 0%
- **Score:** 0
- **Aligned by:**
    - 目标: 7516653428653080577, Owner: jingye.li (open_id: ou_93088ad2c1f4e4093a94f3b74c695f16)

#### Key Results:
1. 做好门店接待，外拓活动，社..."
linkk.wang,2025 年 7 月,5,人,"### 每天建联5组，主动建联2组
- **Progress:** 0%
- **Score:** 0
- **Aligned by:**
    - 目标: 7516653428653080577, Owner: jingye.li (open_id: ou_93088ad2c1f4e4093a94f3b74c695f16)

#### Key Results:
1. 做好门店接待，外拓活动，社..."
yanxin.li2,2025 年 7 月,5,人,"### V1	多建联多建信:一天建联5人/天并持续建信
- **Progress:** 0%
- **Score:** 0

#### Key Results:
1. 月度总新增建联200人
    - Progress: 0%
    - Score: 0
2. 建信池用户50%触达，触达次数3次服务池用户100%触达，触达次数5
    - Progress: 0%
    - Score: ..."
yanxin.li2,2025 年 7 月,5,人,"### V1	多建联多建信:一天建联5人/天并持续建信
- **Progress:** 0%
- **Score:** 0

#### Key Results:
1. 月度总新增建联200人
    - Progress: 0%
    - Score: 0
2. 建信池用户50%触达，触达次数3次服务池用户100%触达，触达次数5
    - Progress: 0%
    - Score: ..."
yushi.yang2,2025 年 7 月,5,人,"### 月建联＞90，并持续建信
- **Progress:** 0%
- **Score:** 0

#### Key Results:
1. 月度新增建联＞90
    - Progress: 0%
    - Score: 0
2. 每周主动外拓一次，每次外拓获客新增建联5人
    - Progress: 0%
    - Score: 0
3. 与新老用户持续建信
    - Progr..."
yushi.yang2,2025 年 7 月,5,人,"### 月建联＞90，并持续建信
- **Progress:** 0%
- **Score:** 0

#### Key Results:
1. 月度新增建联＞90
    - Progress: 0%
    - Score: 0
2. 每周主动外拓一次，每次外拓获客新增建联5人
    - Progress: 0%
    - Score: 0
3. 与新老用户持续建信
    - Progr..."
yushi.yang2,2025 年 7 月,5,人,"### 月建联＞90，并持续建信
- **Progress:** 0%
- **Score:** 0

#### Key Results:
1. 月度新增建联＞90
    - Progress: 0%
    - Score: 0
2. 每周主动外拓一次，每次外拓获客新增建联5人
    - Progress: 0%
    - Score: 0
3. 与新老用户持续建信
    - Progr..."
yushi.yang2,2025 年 7 月,5,人,"### 月建联＞90，并持续建信
- **Progress:** 0%
- **Score:** 0

#### Key Results:
1. 月度新增建联＞90
    - Progress: 0%
    - Score: 0
2. 每周主动外拓一次，每次外拓获客新增建联5人
    - Progress: 0%
    - Score: 0
3. 与新老用户持续建信
    - Progr..."
leo.li55,2025 年 7 月,4,人,"### 多建联多建信）人均新老建联日均>8，其中新建联>4/人/日，并在当月持续建信，关注试驾转化、企微有效互动、电话外呼等建信指标。
- **Progress:** 0%
- **Score:** 0

#### Key Results:
1. 目标设定：日均4建联+2TD+2TSS+30企微信息+30call作为工作量标准
日目标-FL：新机会-企微建联 30 试驾3 TSS 2
周目标-FL..."
wujun.ren,2025 年 7 月,4,人,"### （多建联多建信）：单日建联≥4组/人/天，并持续建信
- **Progress:** 0%
- **Score:** 0
- **Aligned by:**
    - 目标: 7516651185101783068, Owner: freda.chang (open_id: ou_5881ab3db20d6a8b900cf7c9ba356fc4)
    - 目标: 7516653430..."
lealon.peng2,2025 年 7 月,4,人,"### 当月新增建联>200人，持续建信
- **Progress:** 0%
- **Score:** 0
- **Aligned by:**
    - 目标: 7516653426752356354, Owner: jing.guo12 (open_id: ou_db985514076454a6bb790a2b3ad99cc5)
    - 目标: 7516653426752356354, ..."
jianrui.deng2,2025 年 7 月,3,人,"### 保证质量建联，做到人均建联≥3/天。
- **Progress:** 0%
- **Score:** 0
- **Aligned by:**
    - 目标: 7516651185101832220, Owner: jingyang.huang (open_id: ou_1e081c03cb8b2a818b0ad00042e85ef2)
    - 目标: 751665118510183..."
micheal.chen,2025 年 7 月,3,人,"### (多建联多建信):人均新增建联≥3，并持续建信
- **Progress:** 0%
- **Score:** 0
- **Aligned by:**
    - 目标: 7516653427688947713, Owner: vic.he1 (open_id: ou_1f8dd56cb4fbeeaa9aaa85f367f8853e)

#### Key Results:
1. 月度总新增..."
micheal.chen,2025 年 7 月,3,人,"### (多建联多建信):人均新增建联≥3，并持续建信
- **Progress:** 0%
- **Score:** 0
- **Aligned by:**
    - 目标: 7516653427688947713, Owner: vic.he1 (open_id: ou_1f8dd56cb4fbeeaa9aaa85f367f8853e)

#### Key Results:
1. 月度总新增..."
emily.dong,2025 年 7 月,3,人,"### （多建联多建信）：建联 ≥ 5 人/天
- **Progress:** 0%
- **Score:** 0
- **Aligned by:**
    - 目标: 7523331724383518722, Owner: junbo.zhu (open_id: ou_87f675fc2e9dfe5702718f7be10bb7ec)
    - 目标: 7523331724383518722..."
peng.dai3,2025 年 7 月,3,人,"### (多建联多建信):人均建联>3人/天
- **Progress:** 0%
- **Score:** 0
- **Aligned by:**
    - 目标: 7516653429094023170, Owner: ocean.yu (open_id: ou_d089a2848b8371d8810e9131896d740d)
    - 目标: 7516653429094023170, ..."
ethan.zhuo,2025 年 7 月,3,人,"### 卓超5863
13:12
52
VAU
Ocean Y...
ONVO Central Stor... Ethan
V1
(多建联多建信):人均建联>3人/
than ZHUO 卓超 5863
暂无
0.0
0倍
- **Progress:** 0%
- **Score:** 0

#### Key Results:
1. A1
A1月度总新增建联270组
建信池用户60%触达,触达次数>..."
xu.han9,2025 年 7 月,3,人,"### 新增建联≥3个/天，并持续建信。
- **Progress:** 0%
- **Score:** 0
- **Aligned by:**
    - 目标: 7516653427688947713, Owner: vic.he1 (open_id: ou_1f8dd56cb4fbeeaa9aaa85f367f8853e)

#### Key Results:
1. 月度新增建联≥80人(其..."
xu.han9,2025 年 7 月,3,人,"### 新增建联≥3个/天，并持续建信。
- **Progress:** 0%
- **Score:** 0
- **Aligned by:**
    - 目标: 7516653427688947713, Owner: vic.he1 (open_id: ou_1f8dd56cb4fbeeaa9aaa85f367f8853e)

#### Key Results:
1. 月度新增建联≥80人(其..."
carry.wang,2025 年 7 月,2,人,"### 人均建联≥2组，并持续建信。
- **Progress:** 0%
- **Score:** 0
- **Aligned by:**
    - 目标: 7516651640880955393, Owner: philip.zhou (open_id: ou_3515987a7f8d563072188fcec18d2249)

#### Key Results:
1. 每日闭环企业微信朋友..."
lipeng.wang2,2025 年 7 月,2,人,"### 建联建信：7月新增建联2组/人/天，其中主动建联不低于1组，持续创造建信目标10+
- **Progress:** 0%
- **Score:** 0

#### Key Results:
1. 新增建联日均不低于2组，主动建联不低于1组，养成好的工作方式。
    - Progress: 0%
    - Score: 0
2. 建信池用户每天不低于10+互动（有效回应：APP互动、企微..."
lipeng.wang2,2025 年 7 月,2,人,"### 建联建信：7月新增建联2组/人/天，其中主动建联不低于1组，持续创造建信目标10+
- **Progress:** 0%
- **Score:** 0

#### Key Results:
1. 新增建联日均不低于2组，主动建联不低于1组，养成好的工作方式。
    - Progress: 0%
    - Score: 0
2. 建信池用户每天不低于10+互动（有效回应：APP互动、企微..."
lipeng.wang2,2025 年 7 月,2,人,"### 建联建信：7月新增建联2组/人/天，其中主动建联不低于1组，持续创造建信目标10+
- **Progress:** 0%
- **Score:** 0

#### Key Results:
1. 新增建联日均不低于2组，主动建联不低于1组，养成好的工作方式。
    - Progress: 0%
    - Score: 0
2. 建信池用户每天不低于10+互动（有效回应：APP互动、企微..."
lipeng.wang2,2025 年 7 月,2,人,"### 建联建信：7月新增建联2组/人/天，其中主动建联不低于1组，持续创造建信目标10+
- **Progress:** 0%
- **Score:** 0

#### Key Results:
1. 新增建联日均不低于2组，主动建联不低于1组，养成好的工作方式。
    - Progress: 0%
    - Score: 0
2. 建信池用户每天不低于10+互动（有效回应：APP互动、企微..."
linkk.wang,2025 年 7 月,2,人,"### 每天建联5组，主动建联2组
- **Progress:** 0%
- **Score:** 0
- **Aligned by:**
    - 目标: 7516653428653080577, Owner: jingye.li (open_id: ou_93088ad2c1f4e4093a94f3b74c695f16)

#### Key Results:
1. 做好门店接待，外拓活动，社..."
linkk.wang,2025 年 7 月,2,人,"### 每天建联5组，主动建联2组
- **Progress:** 0%
- **Score:** 0
- **Aligned by:**
    - 目标: 7516653428653080577, Owner: jingye.li (open_id: ou_93088ad2c1f4e4093a94f3b74c695f16)

#### Key Results:
1. 做好门店接待，外拓活动，社..."
jiashuo.zhang,2025 年 7 月,2,人,"### （多建联多建信）平均每日新增L60建联2-5条，L90新增建联13-15条，每日建信量50+
- **Progress:** 0%
- **Score:** 0

#### Key Results:
1. 门店接待，留资率90%
    - Progress: 0%
    - Score: 0
2. 每日小红书和朋友圈2-3条
    - Progress: 0%
    - Score..."
jiajun.wang6,2025 年 7 月,2,人,"### 多建联多建信：新增建联2人/天，并持续建信。
- **Progress:** 0%
- **Score:** 0
- **Aligned by:**
    - 目标: 7516653430569517084, Owner: austin.shen (open_id: ou_b398e4739481c6ea61a66e5f39d19050)

#### Key Results:
1. 月度..."
jiajun.wang6,2025 年 7 月,2,人,"### 多建联多建信：新增建联2人/天，并持续建信。
- **Progress:** 0%
- **Score:** 0
- **Aligned by:**
    - 目标: 7516653430569517084, Owner: austin.shen (open_id: ou_b398e4739481c6ea61a66e5f39d19050)

#### Key Results:
1. 月度..."
jiajun.wang6,2025 年 7 月,2,人,"### 多建联多建信：新增建联2人/天，并持续建信。
- **Progress:** 0%
- **Score:** 0
- **Aligned by:**
    - 目标: 7516653430569517084, Owner: austin.shen (open_id: ou_b398e4739481c6ea61a66e5f39d19050)

#### Key Results:
1. 月度..."
jiajun.wang6,2025 年 7 月,2,人,"### 多建联多建信：新增建联2人/天，并持续建信。
- **Progress:** 0%
- **Score:** 0
- **Aligned by:**
    - 目标: 7516653430569517084, Owner: austin.shen (open_id: ou_b398e4739481c6ea61a66e5f39d19050)

#### Key Results:
1. 月度..."
yi.tian,2025 年 7 月,2,人,"### 2（多建联多建信）：当月新增建联≥100人，总建联人数≥100人，并持续建信。
A1：月度新增建联＞2人每天（其中主动建联≥2人每天，外拓2人每天，
A2：建联用户的月度建信100％覆盖，所有建联用户月均建信次数≥3次
A3：主动面对面拜访30个已建联无明确购车需求用户（包括合作伙伴、蔚来或乐道的老用户，等），新增10个老用户涟漪的L60种草试驾。
A4：每月组织开展2次异业合作或外拓获客..."
xinhan.zhang2,2025 年 7 月,1,人,"### （多建联多建信）：单日建联≥1组/人/天，并持续建信
- **Progress:** 0%
- **Score:** 0
- **Aligned by:**
    - 目标: 7516649263771418625, Owner: long.wu2 (open_id: ou_7d19ec0a06c0997379906afda78c3142)

#### Key Results:
1. 月..."
zhigang.sun,2025 年 7 月,0,人,"### 1. Fellow 个人 VAU
V1(多卖车多赚钱):完成月度车辆销售交付≥3辆(挑战目标4辆),总利润贡献≥2万

元(或者:总亏损≤1万元)。

A1:完成试驾≥0个(上月为0%)。月度新增机会>0个(上月为0%),合计个人机会池≥0个(上月为0%),机会到试驾的转化率≥0%(上月为0%)。

A2:月度锁单目标≥3辆(上月为0%),试驾到锁单的转化率≥10%(上月为0%)。

A3..."
zhigang.sun,2025 年 7 月,0,人,"### 1. Fellow 个人 VAU
V1(多卖车多赚钱):完成月度车辆销售交付≥3辆(挑战目标4辆),总利润贡献≥2万

元(或者:总亏损≤1万元)。

A1:完成试驾≥0个(上月为0%)。月度新增机会>0个(上月为0%),合计个人机会池≥0个(上月为0%),机会到试驾的转化率≥0%(上月为0%)。

A2:月度锁单目标≥3辆(上月为0%),试驾到锁单的转化率≥10%(上月为0%)。

A3..."
zhigang.sun,2025 年 7 月,0,人,"### 1. Fellow 个人 VAU
V1(多卖车多赚钱):完成月度车辆销售交付≥3辆(挑战目标4辆),总利润贡献≥2万

元(或者:总亏损≤1万元)。

A1:完成试驾≥0个(上月为0%)。月度新增机会>0个(上月为0%),合计个人机会池≥0个(上月为0%),机会到试驾的转化率≥0%(上月为0%)。

A2:月度锁单目标≥3辆(上月为0%),试驾到锁单的转化率≥10%(上月为0%)。

A3..."
